rank,track,artist,time_period,danceability,energy,key,loudness,mode,speechiness,acousticness,instrumentalness,liveness,valence,tempo,duration_ms,time_signature
1,"Wasteland, Baby!",Hozier,pre,0.427,0.407,2,-9.665,1,0.0382,0.612,0.386,0.109,0.244,168.844,266467,4
2,"Thank U, Next",Ariana Grande,pre,0.717,0.653,1,-5.634,1,0.0658,0.229,0,0.101,0.412,106.966,207320,4
3,A Star Is Born (Soundtrack),Lady Gaga & Bradley Cooper,pre,0.572,0.385,7,-6.362,1,0.0308,0.371,0,0.231,0.323,95.799,215733,4
4,Rap Or Go To The League,2 Chainz,pre,0.793,0.399,7,-7.428,1,0.0951,0.12,0,0.124,0.0379,121.949,226600,4
5,Shelby,Lil Skies,pre,0.826,0.513,2,-9.018,1,0.0349,0.327,0.0136,0.13,0.866,122.983,222123,4
6,Bohemian Rhapsody (Soundtrack),Queen,pre,0.807,0.414,4,-8.903,1,0.0352,0.105,2.57e-5,0.0813,0.502,108.944,223080,4
7,When I Get Home,Solange,pre,0.245,0.773,0,-5.985,1,0.0525,0.0665,4.6e-4,0.358,0.464,148.134,323200,4
8,Drip Or Drown 2,Gunna,pre,0.916,0.756,0,-7.653,1,0.188,0.0942,0,0.23,0.756,115.69,151539,4
9,FATHER OF 4,Offset,pre,0.736,0.515,1,-7.739,1,0.163,0.384,4.31e-6,0.113,0.421,149.977,259834,4
10,Hoodie SZN,A Boogie Wit da Hoodie,pre,0.775,0.465,4,-10.772,0,0.0605,0.615,3.93e-5,0.38,0.857,75.983,154802,4
11,beerbongs & bentleys,Post Malone,pre,0.585,0.52,5,-6.136,0,0.0712,0.124,7.01e-5,0.131,0.129,159.801,218147,4
12,Scorpion,Drake,pre,0.606,0.48,2,-11.283,0,0.0614,0.831,0.12,0.106,0.078,93.032,121290,4
13,ASTROWORLD,Travis Scott,pre,0.784,0.539,6,-10.011,0,0.0636,0.223,0.785,0.0801,0.358,140.023,152694,4
14,Spider-Man: Into The Spider-Verse,Soundtrack,pre,0.76,0.479,2,-5.574,1,0.0466,0.556,0,0.0703,0.913,89.911,158040,4
15,Championships,Meek Mill,pre,0.488,0.803,6,-4.165,0,0.205,0.0786,0,0.215,0.319,167.329,261743,4
16,The Best Of Everything,Tom Petty And The Heartbreakers,pre,0.467,0.261,7,-16.699,1,0.0303,0.398,1.86e-6,0.161,0.339,82.754,243933,4
17,I Am > I Was,21 Savage,pre,0.626,0.662,1,-8.579,0,0.0473,0.138,0.017,0.166,0.0832,120.07,315600,3
18,Goodbye & Good Riddance,Juice WRLD,pre,0.331,0.865,9,-4.823,1,0.0901,0.0535,0,0.108,0.573,79.193,235218,4
19,Weezer (Black Album),Weezer,pre,0.63,0.969,10,-2.215,1,0.0522,0.0139,8.65e-4,0.0698,0.792,101.014,220999,4
20,This Ones For You,Luke Combs,pre,0.499,0.497,11,-7.811,1,0.0449,0.444,1.41e-6,0.108,0.235,149.278,230240,4
21,Invasion Of Privacy,Cardi B,pre,0.728,0.217,7,-19.727,0,0.93,0.633,0,0.129,0.574,124.393,30093,3
22,The Greatest Showman,Soundtrack,pre,0.284,0.704,2,-7.276,1,0.186,0.00583,1.15e-4,0.0424,0.1,191.702,234707,4
23,Greatest Hits,Queen,pre,0.601,0.652,7,-6.634,1,0.082,0.1,0.0322,0.264,0.469,102.208,173640,4
24,I Am You,YNW Melly,pre,0.465,0.204,10,-9.747,1,0.0318,0.865,0,0.0957,0.257,73.636,221787,4
25,Baby On Baby,DaBaby,pre,0.324,0.532,1,-34.849,1,0.081,0.328,0.931,0.816,0.0248,83.345,65021,4
26,Dying To Live,Kodak Black,pre,0.498,0.948,6,-5.832,1,0.0776,7.17e-5,0.0348,0.0775,0.509,134.978,189105,4
27,Future Hndrxx Presents: The WIZRD,Future,pre,0.734,0.683,1,-6.105,1,0.0776,0.013,0,0.28,0.445,162.038,228367,4
28,Drip Harder,Lil Baby & Gunna,pre,0.927,0.453,2,-10.988,1,0.128,0.0195,0,0.085,0.373,116.993,248430,4
29,Dont Smile At Me,Billie Eilish,pre,0.863,0.653,6,-6.355,1,0.0658,0.167,0.00353,0.11,0.363,110.014,139852,4
30,?,XXXTENTACION,pre,0.74,0.613,8,-4.88,1,0.145,0.258,0.0037200000000000002,0.123,0.473,75.023,166606,4
31,Stoney,Post Malone,pre,0.735,0.639,6,-7.464,0,0.247,0.295,0,0.108,0.695,158.865,211296,4
32,X 100PRE,Bad Bunny,pre,0.755,0.554,10,-8.187,0,0.0746,0.73,1.64e-4,0.145,0.757,79.997,172826,4
33,Cant Say I Aint Country,Florida Georgia Line,pre,0.473,0.874,2,-2.399,1,0.0446,0.00942,0,0.21,0.739,150.198,176307,4
34,While We Wait,Kehlani,pre,0.622,0.347,9,-15.89,0,0.0651,0.967,0.939,0.103,0.0803,159.933,126000,4
35,Look Up Child,Lauren Daigle,pre,0.73,0.58,2,-5.813,1,0.0431,0.403,0,0.15,0.652,90.99,183013,4
36,Ella Mai,Ella Mai,pre,0.499,0.612,4,-5.947,0,0.127,0.171,4.99e-5,0.0993,0.218,157.218,217801,4
37,We All Shine,YNW Melly,pre,0.628,0.931,9,-9.973,1,0.0968,6.89e-4,0.00146,0.0997,0.144,119.976,200653,4
38,รท (Divide),Ed Sheeran,pre,0.639,0.602,0,-7.254,0,0.131,0.0698,0,0.153,0.397,145.907,190213,4
39,Hamilton: An American Musical,Original Broadway Cast,pre,0.667,0.322,4,-19.346,0,0.413,0.187,0.87,0.112,0.196,173.986,216033,4
40,Famous Cryp,Blueface,pre,0.919,0.567,4,-9.366,0,0.387,0.0105,9.9e-5,0.0819,0.396,103.065,130518,4
41,Suncity,Khalid,pre,0.694,0.63,7,-6.84,0,0.162,0.0998,6.35e-4,0.12,0.341,90.045,189493,4
42,Realer,YoungBoy Never Broke Again,pre,0.73,0.465,1,-6.29,1,0.278,0.0117,0,0.28,0.367,148.028,170920,4
43,Sweetener,Ariana Grande,pre,0.721,0.459,4,-6.408,1,0.032,0.248,0,0.212,0.46,119.914,208493,4
44,American Teen,Khalid,pre,0.658,0.623,0,-6.934,1,0.0398,0.0683,0,0.321,0.207,100.436,250747,4
45,Dan + Shay,Dan + Shay,pre,0.654,0.63,10,-4.644,1,0.0259,0.153,0,0.111,0.43,89.991,167693,4
46,Street Gossip,Lil Baby,pre,0.707,0.47,1,-10.579,1,0.113,0.604,0,0.0808,0.65,138.955,228949,4
47,Tha Carter V,Lil Wayne,pre,0.543,0.293,5,-13.907,1,0.0276,0.95,0.0514,0.151,0.362,96.662,165467,4
48,Blonde,Frank Ocean,pre,0.577,0.934,7,-3.999,1,0.128,0.0056,0,0.0484,0.54,137.003,200707,4
49,Pray For The Wicked,Panic! At The Disco,pre,0.491,0.867,6,-2.313,0,0.103,0.167,0,0.458,0.602,167.965,189187,4
50,Greatest Hits I II & III: The Platinum Collection,Queen,pre,0.522,0.408,0,-7.472,0,0.0294,0.555,0,0.095,0.123,119.446,251320,3
51,Golden Hour,Kacey Musgraves,pre,0.611,0.555,6,-6.372,0,0.0274,0.0952,0,0.11,0.413,88.969,198453,4
52,Last Day Of Summer,Summer Walker,pre,0.537,0.811,0,-6.08,1,0.0283,0.053900000000000003,0.435,0.0903,0.435,149.877,335840,4
53,Harverd Dropout,Lil Pump,pre,0.948,0.396,5,-8.08,0,0.173,0.00335,0,0.192,0.593,104.006,240000,4
54,Traveller,Chris Stapleton,pre,0.543,0.75,2,-7.071,0,0.0282,0.0682,0.0166,0.125,0.758,88.107,222413,4
55,War,Demon Hunter,pre,0.633,0.664,10,-5.037,1,0.0294,0.46,0,0.108,0.268,115.058,156747,4
56,Origins,Imagine Dragons,pre,0.611,0.738,8,-5.789,1,0.306,0.546,0,0.0615,0.892,91.238,224183,4
57,Not All Heroes Wear Capes,Metro Boomin,pre,0.756,0.45,3,-8.688,1,0.0674,0.636,5.97e-5,0.122,0.824,81.986,226569,4
58,Kamikaze,Eminem,pre,0.792,0.571,8,-7.539,0,0.094,0.301,0,0.1,0.556,99.999,139200,4
59,Evolve,Imagine Dragons,pre,0.548,0.626,0,-6.87,1,0.243,0.261,0,0.136,0.382,148.561,184140,4
60,DAMN.,Kendrick Lamar,pre,0.754,0.591,0,-7.341,1,0.0414,0.219,0.0188,0.209,0.859,119.96,114250,4
61,Peace,Demon Hunter,pre,0.647,0.272,5,-12.906,1,0.0916,0.918,1.73e-5,0.0918,0.339,150.044,234000,4
63,Cosmic,Bazzi,pre,0.524,0.803,9,-5.56,0,0.0366,0.145,1.91e-4,0.115,0.0827,140.003,255133,4
64,Diamonds,Elton John,pre,0.653,0.667,10,-6.764,0,0.0423,0.154,0,0.107,0.556,104.181,213869,4
65,17,XXXTENTACION,pre,0.558,0.364,5,-8.663,1,0.0502,0.169,9.94e-5,0.109,0.252,129.17,160737,4
66,Culture II,Migos,pre,0.613,0.647,0,-6.676,0,0.0351,0.0725,0.758,0.181,0.146,130.052,164361,4
67,This Land,Gary Clark Jr.,pre,0.553,0.0252,0,-26.251,1,0.0578,0.995,0.951,0.1,0.342,65.198,200292,4
68,H.E.R.,H.E.R.,pre,0.617,0.525,8,-10.426,0,0.12,0.554,1.1e-6,0.135,0.377,135.781,212867,4
69,Luv Is Rage 2,Lil Uzi Vert,pre,0.773,0.75,8,-4.009,0,0.117,0.109,0,0.174,0.783,123.426,220587,4
70,STOKELEY,Ski Mask The Slump God,pre,0.515,0.754,5,-3.861,1,0.316,0.0574,0,0.838,0.423,167.65,185000,4
72,Harder Than Ever,Lil Baby,pre,0.797,0.61,10,-6.626,1,0.148,0.376,0,0.105,0.465,140.074,138347,4
73,reputation,Taylor Swift,pre,0.451,0.467,10,-9.5,1,0.0371,0.0341,0,0.147,0.204,167.874,242607,4
74,Jesus You Alone,Highlands Worship,pre,0.276,0.54,4,-7.566,1,0.0352,0.00823,0,0.929,0.0965,159.749,372151,3
75,Kane Brown,Kane Brown,pre,0.727,0.626,7,-8.415,1,0.0726,0.0469,2.58e-5,0.126,0.322,86.97,191406,4
76,Experiment,Kane Brown,pre,0.4,0.894,10,-6.414,0,0.334,0.00202,1.63e-4,0.352,0.365,172.925,214552,4
77,Take Care,Drake,pre,0.629,0.515,0,-10.358,0,0.265,0.0267,1.22e-5,0.0888,0.299,121.845,277387,4
78,2014 Forest Hills Drive,J. Cole,pre,0.692,0.521,10,-8.465,0,0.33,0.301,0,0.0565,0.463,100.45,292987,4
79,Views,Drake,pre,0.395,0.852,5,-5.896,1,0.37,0.0657,0,0.262,0.112,76.428,311960,4
80,Swimming,Mac Miller,pre,0.577,0.447,8,-5.892,1,0.277,0.00627,2.2e-4,0.0899,0.189,74.236,247800,4
81,Curtain Call: The Hits,Eminem,pre,0.692,0.744,2,-4.565,1,0.257,0.00868,4.23e-4,0.359,0.0612,171.374,326467,4
82,KOD,J. Cole,pre,0.823,0.783,0,-6.274,1,0.154,0.21,0,0.113,0.199,141.882,191437,4
83,Girl Code,City Girls,pre,0.895,0.697,4,-6.424,0,0.0463,0.118,0.00205,0.107,0.933,119.993,178666,4
84,A Love Letter To You 3,Trippie Redd,pre,0.825,0.572,6,-6.067,0,0.0864,0.0079,0,0.113,0.568,141.991,175954,4
85,Queen,Nicki Minaj,pre,0.717,0.712,0,-6.098,1,0.0765,0.00663,0,0.0756,0.825,97.019,171172,4
86,DUMMY BOY,6ix9ine,pre,0.661,0.365,1,-15.837,1,0.338,0.314,0.138,0.502,0.125,147.624,223515,4
87,Greatest Hits,2Pac,pre,0.601,0.652,7,-6.634,1,0.082,0.1,0.0322,0.264,0.469,102.208,173640,4
88,Journeys Greatest Hits,Journey,pre,0.539,0.706,9,-7.894,1,0.0302,0.0547,0.00292,0.267,0.284,114.087,368133,4
89,Moana,Soundtrack,pre,0.753,0.502,1,-6.879,1,0.264,0.0439,1.54e-6,0.128,0.349,205.895,178217,4
90,Legend: The Best Of...,Bob Marley And The Wailers,pre,0.684,0.406,2,-10.111,1,0.154,0.472,0,0.561,0.415,94.968,293008,4
91,Rearview Town,Jason Aldean,pre,0.526,0.85,10,-4.47,0,0.0313,0.023,0,0.0948,0.338,141.973,184173,4
92,The Essential Michael Jackson,Michael Jackson,pre,0.741,0.894,4,-3.826,1,0.0496,0.0814,0.0527,0.089,0.96,114.879,202853,4
93,More Life,Drake,pre,0.707,0.258,11,-10.653,0,0.0551,0.692,0.775,0.131,0.257,90.03,154667,4
94,Camila,Camila Cabello,pre,0.724,0.491,8,-6.024,1,0.0296,0.018,1.29e-5,0.0887,0.383,105.046,170746,4
95,Chronicle The 20 Greatest Hits,Creedence Clearwater Revival,pre,0.773,0.543,0,-9.97,1,0.0292,0.093,5.63e-6,0.175,0.802,115.997,160000,4
96,Life Changes,Thomas Rhett,pre,0.687,0.845,7,-4.37,1,0.0576,0.1,0,0.0452,0.809,87.972,190227,4
97,Red Pill Blues,Maroon 5,pre,0.69,0.538,0,-7.645,1,0.039,0.0483,0,0.196,0.676,119.952,213812,4
98,Evil Genius,Gucci Mane,pre,0.537,0.495,0,-10.521,0,0.0622,0.137,7.84e-6,0.109,0.206,131.673,348192,4
99,Perception,NF,pre,0.243,0.893,3,-4.822,0,0.038,0.0283,0.654,0.269,0.0809,140.035,274286,4
100,Until Death Call My Name,YoungBoy Never Broke Again,pre,0.598,0.605,7,-4.92,0,0.452,0.286,0,0.0875,0.513,159.517,194792,4
101,The Essential Billy Joel,Billy Joel,pre,0.696,0.943,4,-2.962,1,0.0431,0.0736,0,0.653,0.833,129.003,194867,4
102,24K Magic,Bruno Mars,pre,0.818,0.803,1,-4.282,1,0.0797,0.034,0,0.153,0.632,106.97,225983,4
103,So Far Gone,Drake,pre,0.511,0.439,9,-11.79,0,0.218,0.841,3.12e-5,0.225,0.124,159.815,331018,4
104,Trench,twenty one pilots,pre,0.622,0.501,1,-4.33,1,0.21,0.00642,0,0.167,0.308,202.007,215798,4
105,Shawn Mendes,Shawn Mendes,pre,0.652,0.383,2,-7.076,0,0.0516,0.0676,0,0.0828,0.549,145.765,178994,4
106,LoVE me NOw?,Tory Lanez,pre,0.488,0.762,8,-3.842,1,0.0865,0.591,0,0.0763,0.709,123.889,210293,4
107,Love Yourself: Answer,BTS,pre,0.637,0.799,2,-4.519,1,0.0338,0.394,0,0.0921,0.562,104.995,228615,4
108,Ctrl,SZA,pre,0.69,0.803,7,-9.084,0,0.0915,0.577,6.49e-5,0.117,0.204,161.489,178224,4
109,Starboy,The Weeknd,pre,0.676,0.588,7,-7.025,1,0.275,0.137,8.47e-6,0.137,0.484,186.012,230461,4
110,The Verdict,Queensryche,pre,0.556,0.748,0,-7.54,1,0.0273,8.92e-4,1.88e-6,0.0701,0.396,103.002,232752,4
111,Rumours,Fleetwood Mac,pre,0.75,0.596,3,-8.594,1,0.106,0.132,0.0189,0.124,0.334,102.021,207059,4
112,Greatest Hits,The Notorious B.I.G.,pre,0.601,0.652,7,-6.634,1,0.082,0.1,0.0322,0.264,0.469,102.208,173640,4
113,Greatest Hits,Bob Seger & The Silver Bullet Band,pre,0.601,0.652,7,-6.634,1,0.082,0.1,0.0322,0.264,0.469,102.208,173640,4
114,Expectations,Bebe Rexha,pre,0.576,0.443,4,-7.477,0,0.0754,0.00923,1.88e-6,0.124,0.452,180.08,204067,3
115,1UP,T-Pain,pre,0.858,0.224,8,-13.994,1,0.896,0.0398,0,0.107,0.0465,106.331,143616,4
116,Night Visions,Imagine Dragons,pre,0.808,0.441,7,-13.386,0,0.0656,0.507,0.961,0.105,0.502,116.011,235211,4
117,Youngblood,5 Seconds Of Summer,pre,0.596,0.854,7,-5.114,0,0.463,0.0169,0,0.124,0.152,120.274,203418,4
118,Feed Tha Streets II,Roddy Ricch,pre,0.926,0.454,6,-9.932,1,0.0732,0.036,4.22e-4,0.0896,0.34,119.969,224002,4
119,Luca Brasi 3,Kevin Gates,pre,0.726,0.605,7,-5.002,1,0.296,0.152,0,0.642,0.36,139.233,202301,4
120,Life Of A Dark Rose,Lil Skies,pre,0.718,0.767,9,-5.641,1,0.166,0.138,0,0.114,0.519,160.084,156000,4
121,"I, The Mask",In Flames,pre,0.47,0.988,10,-4.133,0,0.0836,2.67e-5,0.0154,0.31,0.463,104.995,221387,4
122,Northsbest,Lil Mosey,pre,0.302,0.839,4,-9.004,1,0.134,0.00142,0,0.182,0.325,160.013,275649,4
123,Future & Juice WRLD Present... WRLD ON DRUGS,Future & Juice WRLD,pre,0.656,0.542,7,-7.358,1,0.323,0.0484,0,0.126,0.551,166.111,141587,4
124,In The Lonely Hour,Sam Smith,pre,0.418,0.42,0,-6.444,1,0.0414,0.588,6.39e-5,0.11,0.184,84.094,172724,4
125,BALLADS 1,Joji,pre,0.404,0.183,7,-18.99,1,0.04,0.99,0.919,0.119,0.23,136.175,204000,4
126,x,Ed Sheeran,pre,0.732,0.75,11,-6.366,0,0.231,0.00264,0,0.109,0.401,155.096,182707,4
127,Weezer (Teal Album),Weezer,pre,0.534,0.784,8,-3.59,1,0.0339,0.205,0.00579,0.106,0.6,92.147,238627,4
128,Greatest Hits,Guns N' Roses,pre,0.601,0.652,7,-6.634,1,0.082,0.1,0.0322,0.264,0.469,102.208,173640,4
129,"Black Panther: The Album, Music From And Inspired By",Soundtrack,pre,0.698,0.633,8,-4.946,1,0.0597,0.0605,1.94e-4,0.0926,0.552,96.924,232187,4
130,Birds In The Trap Sing McKnight,Travis Scott,pre,0.711,0.739,7,-3.804,0,0.129,0.114,0,0.226,0.43,136.919,252256,4
131,Beauty Behind The Madness,The Weeknd,pre,0.585,0.564,0,-7.063,0,0.0515,0.0671,0,0.135,0.137,113.003,242253,4
132,ANTI,Rihanna,pre,0.713,0.526,1,-5.046,1,0.032,0.00767,1.48e-4,0.124,0.131,131.05,262693,4
133,"good kid, m.A.A.d city",Kendrick Lamar,pre,0.451,0.831,5,-8.641,0,0.307,0.0623,0,0.185,0.41,176.162,214120,4
134,50 Number Ones,George Strait,pre,0.582,0.542,10,-10.041,1,0.0294,0.396,0.00114,0.123,0.45,90.918,235427,4
135,Lifes A Trip,Trippie Redd,pre,0.869,0.602,1,-8.34,0,0.115,0.0223,0,0.101,0.375,148.046,158973,4
136,Metallica,Metallica,pre,0.579,0.824,6,-8.71,0,0.03,0.00206,0.00903,0.059,0.635,123.331,331573,4
137,Skins,XXXTENTACION,pre,0.557,0.457,7,-5.372,1,0.0335,0.428,0,0.0567,0.328,105.918,177500,4
138,Blurryface,twenty one pilots,pre,0.542,0.577,6,-6.849,1,0.0648,0.193,0.013,0.154,0.566,119.891,140000,4
139,hopeless fountain kingdom,Halsey,pre,0.675,0.751,0,-3.539,1,0.0296,0.0604,0,0.0893,0.612,118.384,181279,4
141,Thriller,Michael Jackson,pre,0.764,0.887,11,-3.726,1,0.0744,0.0816,1.1e-4,0.847,0.72,118.427,358053,4
142,California Sunrise,Jon Pardi,pre,0.374,0.726,7,-4.194,1,0.0426,0.0386,0,0.112,0.59,185.922,256573,4
143,4Respect 4Freedom 4Loyalty 4WhatImportant,YoungBoy Never Broke Again,pre,0.874,0.699,1,-3.455,1,0.352,0.0563,0,0.0956,0.665,77.502,172138,4
144,Freudian,Daniel Caesar,pre,0.355,0.298,8,-12.277,1,0.0581,0.31,0.00266,0.185,0.0714,115.823,602297,3
145,A Decade Of Destruction,Five Finger Death Punch,pre,0.502,0.737,10,-7.572,1,0.0407,3.74e-4,5.07e-5,0.153,0.277,106.05,275213,4
146,1989,Taylor Swift,pre,0.55,0.926,1,-4.198,1,0.269,0.0113,8.36e-6,0.0839,0.78,184.194,118067,4
147,Brett Young,Brett Young,pre,0.607,0.536,10,-7.306,1,0.0305,0.386,0,0.102,0.434,147.986,224853,4
148,Aura,Ozuna,pre,0.527,0.486,7,-5.267,1,0.0508,0.947,1.28e-6,0.119,0.255,107.906,187653,4
149,Dua Lipa,Dua Lipa,pre,0.702,0.825,6,-3.787,0,0.0601,0.00883,0,0.0674,0.915,102.977,203064,4
150,East Atlanta Love Letter,6LACK,pre,0.581,0.315,5,-11.947,0,0.0781,0.389,1.68e-5,0.0766,0.185,61.381,246088,4
151,Heartbreak On A Full Moon,Chris Brown,pre,0.613,0.576,4,-7.617,0,0.0651,0.00786,4.63e-6,0.106,0.692,87.988,246523,4
152,Nothing Was The Same,Drake,pre,0.46,0.782,2,-4.951,1,0.0523,0.0171,0,0.214,0.266,74.988,245000,4
153,Their Greatest Hits 1971-1975,Eagles,pre,0.669,0.673,7,-9.754,1,0.0248,0.203,0.0271,0.164,0.867,132.68,381999,4
154,Dangerous Woman,Ariana Grande,pre,0.664,0.602,4,-5.369,0,0.0412,0.0529,0,0.356,0.289,134.049,235947,3
155,Die Lit,Playboi Carti,pre,0.805,0.415,1,-12.342,0,0.265,0.348,0,0.323,0.603,144.978,128853,4
156,Abbey Road,The Beatles,pre,0.516,0.681,1,-6.605,1,0.0316,0.275,0,0.367,0.623,139.672,172930,4
157,The Fame,Lady Gaga,pre,0.816,0.694,5,-3.325,1,0.0504,0.0296,1.48e-5,0.035,0.966,127.021,222107,4
158,Quavo Huncho,Quavo,pre,0.831,0.528,2,-7.635,1,0.534,0.0894,2.58e-5,0.396,0.232,153.987,211963,4
159,Greatest Hits So Far...,Zac Brown Band,pre,0.493,0.746,2,-11.773,1,0.0367,0.043,0,0.381,0.775,93.96,220293,4
160,Greatest Hits,Red Hot Chili Peppers,pre,0.601,0.652,7,-6.634,1,0.082,0.1,0.0322,0.264,0.469,102.208,173640,4
161,All Time Greatest Hits,Lynyrd Skynyrd,pre,0.677,0.238,2,-11.172,0,0.0526,0.032,0.111,0.092,0.88,82.926,433227,4
162,The Very Best Of Prince,Prince,pre,0.614,0.752,7,-6.271,1,0.0652,0.00328,0,0.379,0.444,95.018,237093,4
163,Narrated For You,Alec Benjamin,pre,0.652,0.557,1,-5.714,0,0.0318,0.74,0,0.124,0.483,150.073,169354,4
164,If I Know Me,Morgan Wallen,pre,0.777,0.604,8,-5.813,1,0.12,0.765,6.79e-5,0.11,0.672,99.934,157693,4
165,Delta,Mumford & Sons,pre,0.0757,0.00429,2,-38.474,1,0.0553,0.819,0.829,0.111,0.0601,75.47,181750,4
166,Doo-Wops & Hooligans,Bruno Mars,pre,0.637,0.843,5,-5.413,1,0.0432,0.0151,0,0.0876,0.434,109.012,220733,4
167,Reloaded: 20 #1 Hits,Blake Shelton,pre,0.38,0.443,7,-6.972,1,0.0268,0.479,3.03e-6,0.11,0.281,63.122,230453,4
168,T R A P S O U L,Bryson Tiller,pre,0.765,0.356,11,-5.556,0,0.195,0.223,0,0.0963,0.189,96.991,198293,4
169,Back In Black,AC/DC,pre,0.31,0.7,9,-5.678,1,0.047,0.011,0.00965,0.0828,0.763,188.386,255493,4
170,Frozen,Soundtrack,pre,0.486,0.419,5,-6.415,1,0.0563,0.741,6.59e-5,0.096,0.227,119.065,244910,3
171,Death Of A Bachelor,Panic! At The Disco,pre,0.462,0.538,0,-5.527,1,0.059,0.0137,0,0.429,0.405,139.256,203507,4
172,Cry Pretty,Carrie Underwood,pre,0.374,0.742,6,-3.36,1,0.0432,0.00517,0,0.11,0.21,139.953,247320,3
173,1,The Beatles,pre,0.654,0.63,10,-4.644,1,0.0259,0.153,0,0.111,0.43,89.991,167693,4
174,21,Adele,pre,0.783,0.479,7,-10.646,1,0.541,0.149,0,0.101,0.533,176.027,163798,4
175,Hozier,Hozier,pre,0.566,0.664,4,-5.303,0,0.0464,0.634,0,0.116,0.437,128.945,241693,4
176,NOW 69,Various Artists,pre,0.466,0.531,6,-10.113,0,0.032,0.191,0.868,0.0905,0.498,104.833,249649,4
177,The Very Best Of The Eagles,Eagles,pre,0.579,0.508,2,-9.484,1,0.027,0.00574,4.94e-4,0.0575,0.609,147.125,391376,4
178,Drip Season 3,Gunna,pre,0.889,0.516,8,-8.852,1,0.327,0.372,0,0.0926,0.732,140.005,199012,4
179,Sick Boy,The Chainsmokers,pre,0.663,0.577,11,-7.518,0,0.0531,0.109,0,0.12,0.454,89.996,193200,4
180,Sounds Of Summer: The Very Best Of The Beach Boys,The Beach Boys,pre,0.579,0.662,6,-4.321,1,0.0351,0.18,0,0.244,0.921,78.732,133907,4
181,Nevermind,Nirvana,pre,0.6,0.688,5,-8.339,0,0.201,0.159,1.29e-5,0.409,0.0793,99.977,156600,4
182,Simon And Garfunkels Greatest Hits,Simon & Garfunkel,pre,0.839,0.392,0,-12.143,1,0.0806,0.239,0.921,0.102,0.685,106.562,181507,4
183,Hot Rocks 1964-1971,The Rolling Stones,pre,0.562,0.779,7,-6.705,1,0.0592,0.363,0.0292,0.066,0.967,119.602,179387,4
184,From A Room: Volume 2,Chris Stapleton,pre,0.616,0.474,10,-9.608,1,0.0266,0.192,0.00762,0.0989,0.493,142.689,210133,4
185,Project Baby Two,Kodak Black,pre,0.747,0.524,10,-6.807,0,0.245,0.0306,0,0.2,0.363,140.053,213132,4
186,The Beautiful & Damned,G-Eazy,pre,0.656,0.804,8,-5.191,0,0.363,0.173,0,0.837,0.314,125.882,189307,4
187,Mudboy,Sheck Wes,pre,0.827,0.772,4,-5.628,0,0.122,0.227,1.64e-6,0.164,0.395,106.098,200381,4
188,From A Room: Volume 1,Chris Stapleton,pre,0.613,0.564,8,-7.085,1,0.0251,0.134,1.65e-6,0.0585,0.538,78.388,180907,4
189,25,Adele,pre,0.761,0.732,4,-5.469,0,0.0549,0.092,0,0.0716,0.542,151.982,243276,4
190,Distance Over Time,Dream Theater,pre,0.372,0.513,10,-7.47,0,0.151,0.834,0,0.126,0.454,82.507,257001,4
191,I met you when I was 18. (the playlist),Lauv,pre,0.752,0.505,9,-7.621,1,0.253,0.535,2.55e-6,0.104,0.419,91.97,197437,4
193,I Will Always Love You: The Best Of Whitney Houston,Whitney Houston,pre,0.266,0.539,0,-6.738,1,0.0333,0.493,0,0.0964,0.325,155.484,285000,4
194,The Life Of Pablo,Kanye West,pre,0.817,0.552,8,-10.8,0,0.386,0.032,7.17e-6,0.826,0.808,102.011,291067,4
195,Trolls,Soundtrack,pre,0.696,0.632,11,-4.368,0,0.0448,0.00291,0.00152,0.383,0.415,119.421,205307,4
196,Signed To The Streets 3,Lil Durk,pre,0.765,0.553,11,-7.116,0,0.358,0.00822,0,0.206,0.565,154.971,184258,4
197,Illuminate,Shawn Mendes,pre,0,0.00983,10,-28.262,0,0,0.992,0.903,0.106,0,0,147731,0
198,Without Warning,"21 Savage, Offset & Metro Boomin",pre,0.781,0.491,2,-6.096,0,0.0564,0.00206,0.846,0.0997,0.329,152,165000,4
199,Home State,Jordan Davis,pre,0.246,0.726,7,-6.595,1,0.0484,0.17,0,0.127,0.239,86.768,218000,4
200,How Can It Be,Lauren Daigle,pre,0.445,0.522,7,-5.904,1,0.0305,0.0354,0,0.109,0.168,75.977,259293,4
1,My Turn,Lil Baby,early,0.771,0.86,1,-2.574,1,0.0889,0.00873,0,0.193,0.683,93.047,213680,4
2,YHLQMDLG,Bad Bunny,early,0.607,0.829,2,-4.074,1,0.379,0.0103,0,0.107,0.685,96.172,295177,4
3,MAP OF THE SOUL : 7,BTS,early,0.583,0.817,9,-5.146,0,0.0987,0.118,0,0.338,0.438,105.936,246381,4
4,American Standard,James Taylor,early,0.543,0.79,11,-5.932,1,0.0358,0.00811,0,0.238,0.339,80.923,236973,4
5,Please Excuse Me For Being Antisocial,Roddy Ricch,early,0.896,0.586,10,-6.687,0,0.0559,0.104,0,0.79,0.642,116.971,196653,4
6,Changes,Justin Bieber,early,0.669,0.308,11,-10.068,1,0.029,0.883,0,0.0984,0.52,64.934,121887,4
7,PTSD,G Herbo,early,0.883,0.808,1,-3.158,0,0.183,0.0317,0,0.207,0.805,119.012,232065,4
8,F8,Five Finger Death Punch,early,0.243,0.91,11,-8.28,0,0.0614,0.0269,0.951,0.574,0.404,166.048,75316,4
9,Hollywoods Bleeding,Post Malone,early,0.405,0.646,4,-3.206,0,0.0476,0.331,0,0.103,0.17,130.218,156267,4
10,"Still Flexin, Still Steppin",YoungBoy Never Broke Again,early,0.708,0.654,5,-6.76,0,0.369,0.0556,0,0.208,0.697,168.032,185746,4
11,Artist 2.0,A Boogie Wit da Hoodie,early,0.644,0.587,7,-6.736,0,0.353,0.473,0,0.0759,0.68,173.972,161765,4
12,Fine Line,Harry Styles,early,0.306,0.347,2,-8.5,1,0.0334,0.172,1.3e-4,0.0485,0.0511,120.996,377960,4
13,"When We All Fall Asleep, Where Do We Go?",Billie Eilish,early,0.905,0.389,8,-14.505,1,0.332,0.74,0.162,0.106,0.196,120.046,193143,4
14,"Meet The Woo, V.2",Pop Smoke,early,0.845,0.323,10,-13.88,0,0.0526,0.939,0.706,0.125,0.709,162.689,270745,4
15,Frozen II,Soundtrack,early,0.685,0.524,1,-12.264,1,0.299,0.161,0,0.129,0.408,197.014,155952,4
16,Music To Be Murdered By,Eminem,early,0.674,0.807,1,-3.961,1,0.224,0.0151,3.9e-6,0.584,0.163,140.056,174864,4
17,Hot Pink,Doja Cat,early,0.716,0.552,0,-6.927,0,0.0863,0.202,0,0.0942,0.181,103.002,248977,4
18,Manic,Halsey,early,0.685,0.594,2,-10.906,1,0.0289,0.294,3.69e-6,0.358,0.853,121.761,184160,4
19,A Love Letter To You 4,Trippie Redd,early,0.85,0.516,0,-7.664,0,0.0714,0.763,0,0.0896,0.874,108.963,158532,4
20,KIRK,DaBaby,early,0.451,0.632,8,-7.98,0,0.297,0.0114,0,0.198,0.234,132.89,232160,4
21,Lover,Taylor Swift,early,0.359,0.543,7,-7.582,1,0.0919,0.492,1.58e-5,0.118,0.453,68.534,221307,4
22,What You See Is What You Get,Luke Combs,early,0.593,0.805,5,-4.892,1,0.0347,0.0645,0,0.226,0.848,103.949,171920,4
23,Ordinary Man,Ozzy Osbourne,early,0.428,0.599,4,-2.135,1,0.0286,0.0665,9.86e-6,0.137,0.134,125.83,301730,4
24,Over It,Summer Walker,early,0.63,0.437,4,-8.113,0,0.125,0.231,0,0.0885,0.455,131.996,131107,4
25,JACKBOYS,JACKBOYS,early,0.802,0.591,8,-4.895,1,0.225,0.0104,0,0.196,0.309,139.864,157712,4
26,beerbongs & bentleys,Post Malone,early,0.585,0.52,5,-6.136,0,0.0712,0.124,7.01e-5,0.131,0.129,159.801,218147,4
27,Ghetto Gospel,Rod Wave,early,0.794,0.614,5,-5.352,0,0.0467,0.0964,0,0.0788,0.663,80.569,238053,4
28,Cuz I Love You,Lizzo,early,0.566,0.66,1,-4.039,1,0.0479,0.0156,0,0.234,0.52,162.159,179979,3
29,Goodbye & Good Riddance,Juice WRLD,early,0.331,0.865,9,-4.823,1,0.0901,0.0535,0,0.108,0.573,79.193,235218,4
30,This Ones For You,Luke Combs,early,0.499,0.497,11,-7.811,1,0.0449,0.444,1.41e-6,0.108,0.235,149.278,230240,4
31,Divinely Uninspired To A Hellish Extent,Lewis Capaldi,early,0.501,0.405,1,-5.679,1,0.0319,0.751,0,0.105,0.446,109.891,182161,4
32,AI YoungBoy 2,YoungBoy Never Broke Again,early,0.876,0.733,10,-4.478,0,0.333,0.0208,0,0.0999,0.962,154.904,148630,4
33,So Much Fun,Young Thug,early,0.648,0.88,6,-6.358,1,0.93,0.846,0,0.763,0.337,90.124,403613,4
34,Greatest Hits,Queen,early,0.601,0.652,7,-6.634,1,0.082,0.1,0.0322,0.264,0.469,102.208,173640,4
35,Scorpion,Drake,early,0.606,0.48,2,-11.283,0,0.0614,0.831,0.12,0.106,0.078,93.032,121290,4
36,Romance,Camila Cabello,early,0.467,0.553,6,-9.692,0,0.1,0.152,0.683,0.291,0.39,144.943,122070,4
37,Death Race For Love,Juice WRLD,early,0.646,0.62,10,-9.665,1,0.0567,0.0568,0,0.111,0.409,163.034,206154,4
38,Dont Smile At Me,Billie Eilish,early,0.863,0.653,6,-6.355,1,0.0658,0.167,0.00353,0.11,0.363,110.014,139852,4
39,The Slow Rush,Tame Impala,early,0.621,0.873,5,-3.067,0,0.0369,0.0406,9.1e-6,0.0824,0.873,97.96,237800,4
40,ASTROWORLD,Travis Scott,early,0.784,0.539,6,-10.011,0,0.0636,0.223,0.785,0.0801,0.358,140.023,152694,4
41,Rare,Selena Gomez,early,0.838,0.541,5,-6.746,1,0.0708,0.207,7.97e-5,0.103,0.637,114.996,220590,4
42,Funeral,Lil Wayne,early,0.215,0.263,11,-14.416,1,0.0378,0.947,2.8e-4,0.0919,0.307,172.332,232373,4
43,Stoney,Post Malone,early,0.735,0.639,6,-7.464,0,0.247,0.295,0,0.108,0.695,158.865,211296,4
44,If I Know Me,Morgan Wallen,early,0.777,0.604,8,-5.813,1,0.12,0.765,6.79e-5,0.11,0.672,99.934,157693,4
45,Indigo,Chris Brown,early,0.819,0.664,7,-5.612,1,0.0828,0.0958,1.75e-6,0.263,0.71,144.988,173473,4
46,No.6 Collaborations Project,Ed Sheeran,early,0.857,0.621,9,-6.376,0,0.0825,0.148,0,0.0865,0.668,97.989,204467,4
47,Time Served,Moneybagg Yo,early,0.403,0.772,4,-8.031,0,0.116,0.386,0.00822,0.916,0.776,95.298,273040,4
49,Certified Hitmaker,Lil Mosey,early,0.774,0.554,0,-7.909,1,0.0383,0.207,0,0.132,0.349,99.034,162547,4
50,Diamonds,Elton John,early,0.653,0.667,10,-6.764,0,0.0423,0.154,0,0.107,0.556,104.181,213869,4
51,Perfect Ten,Mustard,early,0.683,0.437,5,-9.267,0,0.0375,0.781,1.15e-4,0.12,0.228,99.948,252021,4
52,Fully Loaded: Gods Country,Blake Shelton,early,0.463,0.653,0,-5.515,1,0.0273,0.111,1.36e-4,0.172,0.233,143.912,194867,4
53,Free Spirit,Khalid,early,0.627,0.446,2,-9.477,0,0.0332,0.308,7.7e-4,0.111,0.11,139.994,182080,4
54,?,XXXTENTACION,early,0.74,0.613,8,-4.88,1,0.145,0.258,0.0037200000000000002,0.123,0.473,75.023,166606,4
55,Luv Is Rage 2,Lil Uzi Vert,early,0.773,0.75,8,-4.009,0,0.117,0.109,0,0.174,0.783,123.426,220587,4
56,"Thank U, Next",Ariana Grande,early,0.717,0.653,1,-5.634,1,0.0658,0.229,0,0.101,0.412,106.966,207320,4
57,7 (EP),Lil Nas X,early,0.697,0.472,8,-11.975,1,0.538,0.566,0.00206,0.0981,0.59,110.521,105861,5
58,Dreamville & J. Cole: Revenge Of The Dreamers III,Various Artists,early,0.691,0.64,0,-6.441,1,0.369,0.511,0,0.409,0.163,138.672,202040,4
59,True 2 Myself,Lil Tjay,early,0.508,0.448,8,-12.668,0,0.373,0.597,0.0504,0.11,0.746,171.872,93707,3
60,Circles,Mac Miller,early,0.695,0.762,0,-3.497,1,0.0395,0.192,0.00244,0.0863,0.553,120.042,215280,4
61,รท (Divide),Ed Sheeran,early,0.639,0.602,0,-7.254,0,0.131,0.0698,0,0.153,0.397,145.907,190213,4
62,Hamilton: An American Musical,Original Broadway Cast,early,0.667,0.322,4,-19.346,0,0.413,0.187,0.87,0.112,0.196,173.986,216033,4
63,Experiment,Kane Brown,early,0.4,0.894,10,-6.414,0,0.334,0.00202,1.63e-4,0.352,0.365,172.925,214552,4
64,American Teen,Khalid,early,0.658,0.623,0,-6.934,1,0.0398,0.0683,0,0.321,0.207,100.436,250747,4
65,Chronicle The 20 Greatest Hits,Creedence Clearwater Revival,early,0.773,0.543,0,-9.97,1,0.0292,0.093,5.63e-6,0.175,0.802,115.997,160000,4
66,Baby On Baby,DaBaby,early,0.324,0.532,1,-34.849,1,0.081,0.328,0.931,0.816,0.0248,83.345,65021,4
67,The Search,NF,early,0.789,0.786,2,-4.788,1,0.297,0.596,0,0.0997,0.39,119.957,248040,4
68,Hoodie SZN,A Boogie Wit da Hoodie,early,0.775,0.465,4,-10.772,0,0.0605,0.615,3.93e-5,0.38,0.857,75.983,154802,4
69,GIRL,Maren Morris,early,0.965,0.485,2,-8.784,1,0.191,0.0206,0.0237,0.0655,0.312,124.025,222523,4
70,Legend: The Best Of...,Bob Marley And The Wailers,early,0.684,0.406,2,-10.111,1,0.154,0.472,0,0.561,0.415,94.968,293008,4
71,Shawn Mendes,Shawn Mendes,early,0.652,0.383,2,-7.076,0,0.0516,0.0676,0,0.0828,0.549,145.765,178994,4
72,Starboy,The Weeknd,early,0.676,0.588,7,-7.025,1,0.275,0.137,8.47e-6,0.137,0.484,186.012,230461,4
73,Traveller,Chris Stapleton,early,0.543,0.75,2,-7.071,0,0.0282,0.0682,0.0166,0.125,0.758,88.107,222413,4
74,X 100PRE,Bad Bunny,early,0.755,0.554,10,-8.187,0,0.0746,0.73,1.64e-4,0.145,0.757,79.997,172826,4
75,Invasion Of Privacy,Cardi B,early,0.728,0.217,7,-19.727,0,0.93,0.633,0,0.129,0.574,124.393,30093,3
76,Journeys Greatest Hits,Journey,early,0.539,0.706,9,-7.894,1,0.0302,0.0547,0.00292,0.267,0.284,114.087,368133,4
77,ZOMBIES 2,Soundtrack,early,0.805,0.648,10,-8.056,1,0.0464,0.0119,2.24e-6,0.0925,0.668,96.979,189813,4
78,Melly vs. Melvin,YNW Melly,early,0.735,0.369,9,-9.682,0,0.0688,0.334,0,0.126,0.235,140.004,222997,4
79,Look Up Child,Lauren Daigle,early,0.73,0.58,2,-5.813,1,0.0431,0.403,0,0.15,0.652,90.99,183013,4
80,DAMN.,Kendrick Lamar,early,0.754,0.591,0,-7.341,1,0.0414,0.219,0.0188,0.209,0.859,119.96,114250,4
81,Beauty Behind The Madness,The Weeknd,early,0.585,0.564,0,-7.063,0,0.0515,0.0671,0,0.135,0.137,113.003,242253,4
82,We Love You Tecca,Lil Tecca,early,0.63,0.671,6,-6.659,0,0.256,0.363,0,0.113,0.333,89.921,174333,4
83,Dan + Shay,Dan + Shay,early,0.654,0.63,10,-4.644,1,0.0259,0.153,0,0.111,0.43,89.991,167693,4
84,Rumours,Fleetwood Mac,early,0.75,0.596,3,-8.594,1,0.106,0.132,0.0189,0.124,0.334,102.021,207059,4
85,1,The Beatles,early,0.654,0.63,10,-4.644,1,0.0259,0.153,0,0.111,0.43,89.991,167693,4
86,Happiness Begins,Jonas Brothers,early,0.406,0.0288,10,-19.306,0,0.0985,0.989,0.949,0.135,0.0645,129.143,303151,4
87,Greatest Hits,2Pac,early,0.601,0.652,7,-6.634,1,0.082,0.1,0.0322,0.264,0.469,102.208,173640,4
88,Take Care,Drake,early,0.629,0.515,0,-10.358,0,0.265,0.0267,1.22e-5,0.0888,0.299,121.845,277387,4
89,SHAKE THE SNOW GLOBE,Russ,early,0.846,0.748,5,-3.512,0,0.078,0.188,0,0.093,0.597,90.006,160720,4
90,Homesick (EP),Trevor Daniel,early,0.677,0.524,2,-8.589,1,0.0433,0.284,1.68e-6,0.11,0.226,97.944,191107,4
91,Moana,Soundtrack,early,0.753,0.502,1,-6.879,1,0.264,0.0439,1.54e-6,0.128,0.349,205.895,178217,4
92,Abbey Road,The Beatles,early,0.516,0.681,1,-6.605,1,0.0316,0.275,0,0.367,0.623,139.672,172930,4
93,Die A Legend,Polo G,early,0.719,0.449,1,-9.219,1,0.571,0.119,0,0.11,0.36,160.138,209606,4
94,Old Dominion,Old Dominion,early,0.706,0.358,6,-8.331,1,0.0347,0.677,0,0.107,0.478,75.991,186240,4
95,Championships,Meek Mill,early,0.488,0.803,6,-4.165,0,0.205,0.0786,0,0.215,0.319,167.329,261743,4
96,The Essential Billy Joel,Billy Joel,early,0.696,0.943,4,-2.962,1,0.0431,0.0736,0,0.653,0.833,129.003,194867,4
97,Chixtape 5,Tory Lanez,early,0.464,0.547,7,-8.137,0,0.339,0.0511,0,0.155,0.423,67.003,221492,4
98,"Quality Control: Control The Streets, Volume 2",Various Artists,early,0.97,0.463,10,-7.259,1,0.366,0.0957,0,0.151,0.46,108.003,142417,4
99,The Greatest Showman,Soundtrack,early,0.284,0.704,2,-7.276,1,0.186,0.00583,1.15e-4,0.0424,0.1,191.702,234707,4
100,Views,Drake,early,0.395,0.852,5,-5.896,1,0.37,0.0657,0,0.262,0.112,76.428,311960,4
101,2014 Forest Hills Drive,J. Cole,early,0.692,0.521,10,-8.465,0,0.33,0.301,0,0.0565,0.463,100.45,292987,4
102,Greatest Hits,Tom Petty And The Heartbreakers,early,0.601,0.652,7,-6.634,1,0.082,0.1,0.0322,0.264,0.469,102.208,173640,4
103,A Star Is Born (Soundtrack),Lady Gaga & Bradley Cooper,early,0.572,0.385,7,-6.362,1,0.0308,0.371,0,0.231,0.323,95.799,215733,4
104,IGOR,"Tyler, The Creator",early,0.467,0.672,10,-7.371,0,0.377,0.00559,0.243,0.607,0.0648,163.1,200693,4
105,Drip Harder,Lil Baby & Gunna,early,0.927,0.453,2,-10.988,1,0.128,0.0195,0,0.085,0.373,116.993,248430,4
106,Im Him,Kevin Gates,early,0.789,0.588,4,-6.58,0,0.0833,0.196,0,0.0814,0.234,105.03,192820,4
107,9,Jason Aldean,early,0.402,0.526,9,-6.741,0,0.0904,0.113,8.33e-6,0.105,0.312,81.404,339067,4
108,"good kid, m.A.A.d city",Kendrick Lamar,early,0.451,0.831,5,-8.641,0,0.307,0.0623,0,0.185,0.41,176.162,214120,4
109,17,XXXTENTACION,early,0.558,0.364,5,-8.663,1,0.0502,0.169,9.94e-5,0.109,0.252,129.17,160737,4
110,Greatest Hits,The Notorious B.I.G.,early,0.601,0.652,7,-6.634,1,0.082,0.1,0.0322,0.264,0.469,102.208,173640,4
111,Untrapped,Yo Gotti,early,0.583,0.643,8,-6.935,1,0.311,0.121,0,0.278,0.341,92.367,246110,4
112,1989,Taylor Swift,early,0.55,0.926,1,-4.198,1,0.269,0.0113,8.36e-6,0.0839,0.78,184.194,118067,4
113,Evolve,Imagine Dragons,early,0.548,0.626,0,-6.87,1,0.243,0.261,0,0.136,0.382,148.561,184140,4
114,Back In Black,AC/DC,early,0.31,0.7,9,-5.678,1,0.047,0.011,0.00965,0.0828,0.763,188.386,255493,4
115,The Eminem Show,Eminem,early,0.908,0.758,9,-4.753,0,0.174,0.0687,0,0.0783,0.87,148.015,297840,4
116,Anyways...,Young Nudy,early,0.806,0.574,10,-8.354,0,0.124,0.0403,1.17e-5,0.181,0.268,157.927,207373,4
117,Greatest Hits,Guns N' Roses,early,0.601,0.652,7,-6.634,1,0.082,0.1,0.0322,0.264,0.469,102.208,173640,4
118,Birds In The Trap Sing McKnight,Travis Scott,early,0.711,0.739,7,-3.804,0,0.129,0.114,0,0.226,0.43,136.919,252256,4
119,More Life,Drake,early,0.707,0.258,11,-10.653,0,0.0551,0.692,0.775,0.131,0.257,90.03,154667,4
120,Kane Brown,Kane Brown,early,0.727,0.626,7,-8.415,1,0.0726,0.0469,2.58e-5,0.126,0.322,86.97,191406,4
121,Victory Lap,Nipsey Hussle,early,0.597,0.755,4,-2.209,0,0.052,0.0423,0,0.582,0.0467,89.146,238333,4
122,Dropped Outta College,24kGoldn,early,0.911,0.379,0,-7.823,1,0.412,0.0107,1.69e-6,0.15,0.191,120.044,127613,4
123,III,The Lumineers,early,0.496,0.693,5,-9.576,0,0.247,0.159,0.0261,0.142,0.597,129.929,210673,4
124,Fuck The World,Brent Faiyaz,early,0.679,0.281,3,-15.506,0,0.184,0.873,0.00335,0.215,0.234,74.996,236704,4
125,The Essential Michael Jackson,Michael Jackson,early,0.741,0.894,4,-3.826,1,0.0496,0.0814,0.0527,0.089,0.96,114.879,202853,4
126,Ctrl,SZA,early,0.69,0.803,7,-9.084,0,0.0915,0.577,6.49e-5,0.117,0.204,161.489,178224,4
127,Frozen: The Songs,Soundtrack,early,0.676,0.626,1,-7.422,1,0.0296,0.125,0.452,0.221,0.656,131.996,322522,4
128,Greatest Hits,Bob Seger & The Silver Bullet Band,early,0.601,0.652,7,-6.634,1,0.082,0.1,0.0322,0.264,0.469,102.208,173640,4
129,Birds Of Prey: The Album,Soundtrack,early,0.4,0.894,10,-6.414,0,0.334,0.00202,1.63e-4,0.352,0.365,172.925,214552,4
130,Perception,NF,early,0.243,0.893,3,-4.822,0,0.038,0.0283,0.654,0.269,0.0809,140.035,274286,4
131,Yellow Tape,Key Glock,early,0.697,0.552,2,-6.666,0,0.188,0.141,0,0.11,0.382,89.957,281138,4
132,Metallica,Metallica,early,0.579,0.824,6,-8.71,0,0.03,0.00206,0.00903,0.059,0.635,123.331,331573,4
133,H.E.R.,H.E.R.,early,0.617,0.525,8,-10.426,0,0.12,0.554,1.1e-6,0.135,0.377,135.781,212867,4
134,Lifes A Trip,Trippie Redd,early,0.869,0.602,1,-8.34,0,0.115,0.0223,0,0.101,0.375,148.046,158973,4
135,Center Point Road,Thomas Rhett,early,0.235,0.66,7,-6.134,1,0.0491,0.0122,0,0.159,0.144,64.21,216960,4
136,Where The Light Is,Surfaces,early,0.636,0.591,4,-6.666,1,0.196,0.148,0.00124,0.106,0.437,156.132,181538,4
137,A Decade Of Destruction,Five Finger Death Punch,early,0.502,0.737,10,-7.572,1,0.0407,3.74e-4,5.07e-5,0.153,0.277,106.05,275213,4
138,Doo-Wops & Hooligans,Bruno Mars,early,0.637,0.843,5,-5.413,1,0.0432,0.0151,0,0.0876,0.434,109.012,220733,4
139,The Very Best Of Daryl Hall  John Oates,Daryl Hall John Oates,early,0.806,0.649,9,-9.004,0,0.0347,0.0391,5.55e-5,0.0557,0.897,114.834,249573,4
140,Ella Mai,Ella Mai,early,0.499,0.612,4,-5.947,0,0.127,0.171,4.99e-5,0.0993,0.218,157.218,217801,4
141,Their Greatest Hits 1971-1975,Eagles,early,0.669,0.673,7,-9.754,1,0.0248,0.203,0.0271,0.164,0.867,132.68,381999,4
142,color theory,Soccer Mommy,early,0.614,0.65,10,-7.211,0,0.0398,0.153,0,0.144,0.496,100.029,172740,4
143,I Am > I Was,21 Savage,early,0.626,0.662,1,-8.579,0,0.0473,0.138,0.017,0.166,0.0832,120.07,315600,3
144,Harder Than Ever,Lil Baby,early,0.797,0.61,10,-6.626,1,0.148,0.376,0,0.105,0.465,140.074,138347,4
145,Nothing Was The Same,Drake,early,0.46,0.782,2,-4.951,1,0.0523,0.0171,0,0.214,0.266,74.988,245000,4
146,Nevermind,Nirvana,early,0.6,0.688,5,-8.339,0,0.201,0.159,1.29e-5,0.409,0.0793,99.977,156600,4
147,reputation,Taylor Swift,early,0.451,0.467,10,-9.5,1,0.0371,0.0341,0,0.147,0.204,167.874,242607,4
148,Cosmic,Bazzi,early,0.524,0.803,9,-5.56,0,0.0366,0.145,1.91e-4,0.115,0.0827,140.003,255133,4
149,Thriller,Michael Jackson,early,0.764,0.887,11,-3.726,1,0.0744,0.0816,1.1e-4,0.847,0.72,118.427,358053,4
150,The Essential Elvis Presley,Elvis Presley,early,0.584,0.802,2,-8.03,1,0.0784,0.149,0,0.0683,0.835,114.172,132013,4
151,The Fame,Lady Gaga,early,0.816,0.694,5,-3.325,1,0.0504,0.0296,1.48e-5,0.035,0.966,127.021,222107,4
152,Feed Tha Streets II,Roddy Ricch,early,0.926,0.454,6,-9.932,1,0.0732,0.036,4.22e-4,0.0896,0.34,119.969,224002,4
153,21,Adele,early,0.783,0.479,7,-10.646,1,0.541,0.149,0,0.101,0.533,176.027,163798,4
154,Suddenly,Caribou,early,0.587,0.767,0,-5.713,1,0.0449,0.225,0,0.112,0.664,100.38,201707,4
155,Swimming,Mac Miller,early,0.577,0.447,8,-5.892,1,0.277,0.00627,2.2e-4,0.0899,0.189,74.236,247800,4
156,In The Lonely Hour,Sam Smith,early,0.418,0.42,0,-6.444,1,0.0414,0.588,6.39e-5,0.11,0.184,84.094,172724,4
158,Die Lit,Playboi Carti,early,0.805,0.415,1,-12.342,0,0.265,0.348,0,0.323,0.603,144.978,128853,4
159,Easy Money Baby,Myke Towers,early,0.84,0.648,10,-7.528,0,0.317,0.0918,0,0.194,0.383,97.021,183144,4
160,Blurryface,twenty one pilots,early,0.542,0.577,6,-6.849,1,0.0648,0.193,0.013,0.154,0.566,119.891,140000,4
161,Blonde,Frank Ocean,early,0.577,0.934,7,-3.999,1,0.128,0.0056,0,0.0484,0.54,137.003,200707,4
162,ANTI,Rihanna,early,0.713,0.526,1,-5.046,1,0.032,0.00767,1.48e-4,0.124,0.131,131.05,262693,4
163,Greatest Hits So Far...,Zac Brown Band,early,0.493,0.746,2,-11.773,1,0.0367,0.043,0,0.381,0.775,93.96,220293,4
165,Pray For The Wicked,Panic! At The Disco,early,0.491,0.867,6,-2.313,0,0.103,0.167,0,0.458,0.602,167.965,189187,4
166,Love Yourself: Answer,BTS,early,0.637,0.799,2,-4.519,1,0.0338,0.394,0,0.0921,0.562,104.995,228615,4
167,Oasis,J Balvin & Bad Bunny,early,0.41,0.854,2,-5.609,1,0.0366,0.00236,0,0.133,0.456,174.584,258907,4
168,Curtain Call: The Hits,Eminem,early,0.692,0.744,2,-4.565,1,0.257,0.00868,4.23e-4,0.359,0.0612,171.374,326467,4
169,Night Visions,Imagine Dragons,early,0.808,0.441,7,-13.386,0,0.0656,0.507,0.961,0.105,0.502,116.011,235211,4
170,Greatest Hits: The Ultimate Collection,Bon Jovi,early,0.544,0.932,0,-3.098,0,0.0473,0.0224,4.01e-5,0.362,0.56,120.007,224600,4
171,Sounds Of Summer: The Very Best Of The Beach Boys,The Beach Boys,early,0.579,0.662,6,-4.321,1,0.0351,0.18,0,0.244,0.921,78.732,133907,4
172,T R A P S O U L,Bryson Tiller,early,0.765,0.356,11,-5.556,0,0.195,0.223,0,0.0963,0.189,96.991,198293,4
173,Ultimate Sinatra,Frank Sinatra,early,0.67,0.365,0,-10.158,1,0.0564,0.525,0,0.0575,0.45,119.344,147147,4
174,World War Joy,The Chainsmokers,early,0.585,0.696,4,-5.6,0,0.0307,0.204,0,0.344,0.522,104.01,217640,4
175,Brain Pain,Four Year Strong,early,0.261,0.934,2,-3.182,1,0.127,6.22e-5,2.24e-4,0.0607,0.216,147.489,226572,4
176,x,Ed Sheeran,early,0.732,0.75,11,-6.366,0,0.231,0.00264,0,0.109,0.401,155.096,182707,4
177,Stop Staring At The Shadows,$uicideBoy$,early,0.792,0.511,2,-6.876,1,0.0409,0.124,9.04e-5,0.14,0.111,113.983,168490,4
178,BALLADS 1,Joji,early,0.404,0.183,7,-18.99,1,0.04,0.99,0.919,0.119,0.23,136.175,204000,4
179,Sweetener,Ariana Grande,early,0.721,0.459,4,-6.408,1,0.032,0.248,0,0.212,0.46,119.914,208493,4
180,Rearview Town,Jason Aldean,early,0.526,0.85,10,-4.47,0,0.0313,0.023,0,0.0948,0.338,141.973,184173,4
181,Golden Hour,Kacey Musgraves,early,0.611,0.555,6,-6.372,0,0.0274,0.0952,0,0.11,0.413,88.969,198453,4
182,Cant Say I Aint Country,Florida Georgia Line,early,0.473,0.874,2,-2.399,1,0.0446,0.00942,0,0.21,0.739,150.198,176307,4
183,Until Death Call My Name,YoungBoy Never Broke Again,early,0.598,0.605,7,-4.92,0,0.452,0.286,0,0.0875,0.513,159.517,194792,4
184,Tha Carter V,Lil Wayne,early,0.543,0.293,5,-13.907,1,0.0276,0.95,0.0514,0.151,0.362,96.662,165467,4
185,Culture II,Migos,early,0.613,0.647,0,-6.676,0,0.0351,0.0725,0.758,0.181,0.146,130.052,164361,4
186,Reloaded: 20 #1 Hits,Blake Shelton,early,0.38,0.443,7,-6.972,1,0.0268,0.479,3.03e-6,0.11,0.281,63.122,230453,4
187,The Definitive Collection,Stevie Wonder,early,0.633,0.634,8,-12.115,1,0.0725,0.038,0.0064,0.0385,0.872,100.499,245493,4
188,Home State,Jordan Davis,early,0.246,0.726,7,-6.595,1,0.0484,0.17,0,0.127,0.239,86.768,218000,4
190,GINGER,BrockHampton,early,0.545,0.749,4,-6.621,0,0.153,0.103,0,0.232,0.681,100.503,196147,4
191,Flower Boy,"Tyler, The Creator",early,0.717,0.289,10,-10.485,0,0.247,0.846,0.914,0.114,0.364,173.943,154483,4
192,Tullahoma,Dustin Lynch,early,0.702,0.231,2,-16.428,1,0.0591,0.695,2.36e-5,0.23,0.559,93.178,170653,4
193,50 Number Ones,George Strait,early,0.582,0.542,10,-10.041,1,0.0294,0.396,0.00114,0.123,0.45,90.918,235427,4
194,California Sunrise,Jon Pardi,early,0.374,0.726,7,-4.194,1,0.0426,0.0386,0,0.112,0.59,185.922,256573,4
195,Born To Die,Lana Del Rey,early,0.428,0.626,4,-6.639,0,0.0339,0.222,8.22e-5,0.277,0.379,86.02,285400,4
196,Number One Hits,Tim McGraw,early,0.651,0.722,8,-5.613,1,0.0555,0.128,1.28e-4,0.105,0.817,89.487,263686,4
197,Currents,Tame Impala,early,0.501,0.96,6,-4.535,0,0.0648,7.45e-4,7.97e-5,0.235,0.29,105.029,215800,4
198,24K Magic,Bruno Mars,early,0.818,0.803,1,-4.282,1,0.0797,0.034,0,0.153,0.632,106.97,225983,4
199,Playboi Carti,Playboi Carti,early,0.785,0.903,2,-4.184,1,0.21,0.258,0,0.169,0.565,139.98,193234,4
200,Miss Anthropocene,Grimes,early,0.596,0.661,2,-7.533,0,0.0382,0.0713,0.817,0.209,0.124,99.951,195300,4
1,After Hours,The Weeknd,first,0.653,0.574,5,-6.104,0,0.0316,0.0772,0.00661,0.122,0.139,108.977,361025,4
2,The New Toronto 3,Tory Lanez,first,0.929,0.7,0,-5.595,0,0.0906,0.144,0,0.349,0.802,120.009,132024,4
3,Eternal Atake,Lil Uzi Vert,first,0.771,0.654,8,-6.976,0,0.298,0.055,0,0.214,0.573,155.047,224955,4
4,My Turn,Lil Baby,first,0.771,0.86,1,-2.574,1,0.0889,0.00873,0,0.193,0.683,93.047,213680,4
5,YHLQMDLG,Bad Bunny,first,0.607,0.829,2,-4.074,1,0.379,0.0103,0,0.107,0.685,96.172,295177,4
6,Hollywoods Bleeding,Post Malone,first,0.405,0.646,4,-3.206,0,0.0476,0.331,0,0.103,0.17,130.218,156267,4
7,Please Excuse Me For Being Antisocial,Roddy Ricch,first,0.896,0.586,10,-6.687,0,0.0559,0.104,0,0.79,0.642,116.971,196653,4
8,The New Abnormal,The Strokes,first,0.401,0.986,2,-3.831,1,0.328,4.91e-5,0.563,0.0868,0.122,199.947,272484,4
9,Pray 4 Love,Rod Wave,first,0.676,0.529,2,-11.178,0,0.397,0.428,0,0.149,0.398,179.013,177946,4
10,Future Nostalgia,Dua Lipa,first,0.875,0.813,7,-4.502,1,0.0579,0.00618,0,0.321,0.859,114.993,184882,4
11,"When We All Fall Asleep, Where Do We Go?",Billie Eilish,first,0.905,0.389,8,-14.505,1,0.332,0.74,0.162,0.106,0.196,120.046,193143,4
12,Changes,Justin Bieber,first,0.669,0.308,11,-10.068,1,0.029,0.883,0,0.0984,0.52,64.934,121887,4
13,Chilombo,Jhene Aiko,first,0.619,0.643,9,-4.683,1,0.032,0.385,0,0.0921,0.509,108.567,233453,3
14,Frozen II,Soundtrack,first,0.685,0.524,1,-12.264,1,0.299,0.161,0,0.129,0.408,197.014,155952,4
15,TROLLS: World Tour,Soundtrack,first,0.76,0.607,7,-6.274,1,0.0964,0.00277,0,0.132,0.709,105.979,188187,4
16,Fine Line,Harry Styles,first,0.306,0.347,2,-8.5,1,0.0334,0.172,1.3e-4,0.0485,0.0511,120.996,377960,4
17,SOUTHSIDE,Sam Hunt,first,0.387,0.499,7,-10.207,1,0.0259,0.0029,0.00373,0.0695,0.333,111.032,379160,4
18,What You See Is What You Get,Luke Combs,first,0.593,0.805,5,-4.892,1,0.0347,0.0645,0,0.226,0.848,103.949,171920,4
19,Rare,Selena Gomez,first,0.838,0.541,5,-6.746,1,0.0708,0.207,7.97e-5,0.103,0.637,114.996,220590,4
20,Hot Pink,Doja Cat,first,0.716,0.552,0,-6.927,0,0.0863,0.202,0,0.0942,0.181,103.002,248977,4
21,Suga,Megan Thee Stallion,first,0.494,0.842,7,-4.784,1,0.0843,0.00579,0,0.122,0.574,162.011,229093,4
22,This Ones For You,Luke Combs,first,0.499,0.497,11,-7.811,1,0.0449,0.444,1.41e-6,0.108,0.235,149.278,230240,4
23,"Meet The Woo, V.2",Pop Smoke,first,0.845,0.323,10,-13.88,0,0.0526,0.939,0.706,0.125,0.709,162.689,270745,4
24,If I Know Me,Morgan Wallen,first,0.777,0.604,8,-5.813,1,0.12,0.765,6.79e-5,0.11,0.672,99.934,157693,4
25,Goodbye & Good Riddance,Juice WRLD,first,0.331,0.865,9,-4.823,1,0.0901,0.0535,0,0.108,0.573,79.193,235218,4
26,Over It,Summer Walker,first,0.63,0.437,4,-8.113,0,0.125,0.231,0,0.0885,0.455,131.996,131107,4
27,beerbongs & bentleys,Post Malone,first,0.585,0.52,5,-6.136,0,0.0712,0.124,7.01e-5,0.131,0.129,159.801,218147,4
28,MAP OF THE SOUL : 7,BTS,first,0.583,0.817,9,-5.146,0,0.0987,0.118,0,0.338,0.438,105.936,246381,4
29,Divinely Uninspired To A Hellish Extent,Lewis Capaldi,first,0.501,0.405,1,-5.679,1,0.0319,0.751,0,0.105,0.446,109.891,182161,4
30,Greatest Hits,Queen,first,0.601,0.652,7,-6.634,1,0.082,0.1,0.0322,0.264,0.469,102.208,173640,4
31,Ghetto Gospel,Rod Wave,first,0.794,0.614,5,-5.352,0,0.0467,0.0964,0,0.0788,0.663,80.569,238053,4
32,KIRK,DaBaby,first,0.451,0.632,8,-7.98,0,0.297,0.0114,0,0.198,0.234,132.89,232160,4
33,Lover,Taylor Swift,first,0.359,0.543,7,-7.582,1,0.0919,0.492,1.58e-5,0.118,0.453,68.534,221307,4
34,"Still Flexin, Still Steppin",YoungBoy Never Broke Again,first,0.708,0.654,5,-6.76,0,0.369,0.0556,0,0.208,0.697,168.032,185746,4
35,Music To Be Murdered By,Eminem,first,0.674,0.807,1,-3.961,1,0.224,0.0151,3.9e-6,0.584,0.163,140.056,174864,4
36,Scorpion,Drake,first,0.606,0.48,2,-11.283,0,0.0614,0.831,0.12,0.106,0.078,93.032,121290,4
37,Certified Hitmaker,Lil Mosey,first,0.774,0.554,0,-7.909,1,0.0383,0.207,0,0.132,0.349,99.034,162547,4
38,Artist 2.0,A Boogie Wit da Hoodie,first,0.644,0.587,7,-6.736,0,0.353,0.473,0,0.0759,0.68,173.972,161765,4
39,Manic,Halsey,first,0.685,0.594,2,-10.906,1,0.0289,0.294,3.69e-6,0.358,0.853,121.761,184160,4
40,Death Race For Love,Juice WRLD,first,0.646,0.62,10,-9.665,1,0.0567,0.0568,0,0.111,0.409,163.034,206154,4
41,Dont Smile At Me,Billie Eilish,first,0.863,0.653,6,-6.355,1,0.0658,0.167,0.00353,0.11,0.363,110.014,139852,4
42,PARTYMOBILE,PARTYNEXTDOOR,first,0.43,0.7,6,-5.35,1,0.264,0.0902,0,0.216,0.731,158.373,183219,4
43,Diamonds,Elton John,first,0.653,0.667,10,-6.764,0,0.0423,0.154,0,0.107,0.556,104.181,213869,4
44,AI YoungBoy 2,YoungBoy Never Broke Again,first,0.876,0.733,10,-4.478,0,0.333,0.0208,0,0.0999,0.962,154.904,148630,4
45,ADHD,Joyner Lucas,first,0.563,0.78,10,-6.663,1,0.0782,0.00525,8.16e-6,0.418,0.317,83.913,205872,4
46,Fully Loaded: Gods Country,Blake Shelton,first,0.463,0.653,0,-5.515,1,0.0273,0.111,1.36e-4,0.172,0.233,143.912,194867,4
47,ASTROWORLD,Travis Scott,first,0.784,0.539,6,-10.011,0,0.0636,0.223,0.785,0.0801,0.358,140.023,152694,4
48,Stoney,Post Malone,first,0.735,0.639,6,-7.464,0,0.247,0.295,0,0.108,0.695,158.865,211296,4
49,JACKBOYS,JACKBOYS,first,0.802,0.591,8,-4.895,1,0.225,0.0104,0,0.196,0.309,139.864,157712,4
50,A Love Letter To You 4,Trippie Redd,first,0.85,0.516,0,-7.664,0,0.0714,0.763,0,0.0896,0.874,108.963,158532,4
51,Hamilton: An American Musical,Original Broadway Cast,first,0.667,0.322,4,-19.346,0,0.413,0.187,0.87,0.112,0.196,173.986,216033,4
52,So Much Fun,Young Thug,first,0.648,0.88,6,-6.358,1,0.93,0.846,0,0.763,0.337,90.124,403613,4
53,Heaven Or Hell,Don Toliver,first,0.65,0.589,11,-8.02,0,0.0649,0.375,3.57e-5,0.128,0.438,160.031,183484,4
54,Cuz I Love You,Lizzo,first,0.566,0.66,1,-4.039,1,0.0479,0.0156,0,0.234,0.52,162.159,179979,3
55,Romance,Camila Cabello,first,0.467,0.553,6,-9.692,0,0.1,0.152,0.683,0.291,0.39,144.943,122070,4
56,?,XXXTENTACION,first,0.74,0.613,8,-4.88,1,0.145,0.258,0.0037200000000000002,0.123,0.473,75.023,166606,4
57,Legend: The Best Of...,Bob Marley And The Wailers,first,0.684,0.406,2,-10.111,1,0.154,0.472,0,0.561,0.415,94.968,293008,4
58,Free Spirit,Khalid,first,0.627,0.446,2,-9.477,0,0.0332,0.308,7.7e-4,0.111,0.11,139.994,182080,4
59,Indigo,Chris Brown,first,0.819,0.664,7,-5.612,1,0.0828,0.0958,1.75e-6,0.263,0.71,144.988,173473,4
60,1,The Beatles,first,0.654,0.63,10,-4.644,1,0.0259,0.153,0,0.111,0.43,89.991,167693,4
61,Chronicle The 20 Greatest Hits,Creedence Clearwater Revival,first,0.773,0.543,0,-9.97,1,0.0292,0.093,5.63e-6,0.175,0.802,115.997,160000,4
62,Collection One,SAINt JHN,first,0.682,0.629,6,-6.073,1,0.0252,0.142,0,0.0881,0.225,116.932,188676,4
63,C A L M,5 Seconds Of Summer,first,0.625,0.814,0,-5.181,1,0.0657,0.0172,0,0.158,0.535,144.991,205485,4
64,Look Up Child,Lauren Daigle,first,0.73,0.58,2,-5.813,1,0.0431,0.403,0,0.15,0.652,90.99,183013,4
65,รท (Divide),Ed Sheeran,first,0.639,0.602,0,-7.254,0,0.131,0.0698,0,0.153,0.397,145.907,190213,4
66,Melly vs. Melvin,YNW Melly,first,0.735,0.369,9,-9.682,0,0.0688,0.334,0,0.126,0.235,140.004,222997,4
67,"Thank U, Next",Ariana Grande,first,0.717,0.653,1,-5.634,1,0.0658,0.229,0,0.101,0.412,106.966,207320,4
68,American Teen,Khalid,first,0.658,0.623,0,-6.934,1,0.0398,0.0683,0,0.321,0.207,100.436,250747,4
69,Sweet Action,Jack Harlow,first,0.325,0.852,2,-6.644,1,0.0504,0.0474,0.00245,0.0781,0.636,174.799,200360,4
70,Traveller,Chris Stapleton,first,0.543,0.75,2,-7.071,0,0.0282,0.0682,0.0166,0.125,0.758,88.107,222413,4
71,Rumours,Fleetwood Mac,first,0.75,0.596,3,-8.594,1,0.106,0.132,0.0189,0.124,0.334,102.021,207059,4
72,Journeys Greatest Hits,Journey,first,0.539,0.706,9,-7.894,1,0.0302,0.0547,0.00292,0.267,0.284,114.087,368133,4
73,Perfect Ten,Mustard,first,0.683,0.437,5,-9.267,0,0.0375,0.781,1.15e-4,0.12,0.228,99.948,252021,4
74,The Way It Feels,Maddie & Tae,first,0.687,0.453,7,-11.649,1,0.0335,0.765,8.49e-6,0.0897,0.83,129.987,230213,4
75,PTSD,G Herbo,first,0.883,0.808,1,-3.158,0,0.183,0.0317,0,0.207,0.805,119.012,232065,4
76,Luv Is Rage 2,Lil Uzi Vert,first,0.773,0.75,8,-4.009,0,0.117,0.109,0,0.174,0.783,123.426,220587,4
77,Moana,Soundtrack,first,0.753,0.502,1,-6.879,1,0.264,0.0439,1.54e-6,0.128,0.349,205.895,178217,4
78,Experiment,Kane Brown,first,0.4,0.894,10,-6.414,0,0.334,0.00202,1.63e-4,0.352,0.365,172.925,214552,4
79,The Greatest Showman,Soundtrack,first,0.284,0.704,2,-7.276,1,0.186,0.00583,1.15e-4,0.0424,0.1,191.702,234707,4
80,True 2 Myself,Lil Tjay,first,0.508,0.448,8,-12.668,0,0.373,0.597,0.0504,0.11,0.746,171.872,93707,3
82,No.6 Collaborations Project,Ed Sheeran,first,0.857,0.621,9,-6.376,0,0.0825,0.148,0,0.0865,0.668,97.989,204467,4
83,7 (EP),Lil Nas X,first,0.697,0.472,8,-11.975,1,0.538,0.566,0.00206,0.0981,0.59,110.521,105861,5
84,The Essential Billy Joel,Billy Joel,first,0.696,0.943,4,-2.962,1,0.0431,0.0736,0,0.653,0.833,129.003,194867,4
85,Peace,Bethel Music,first,0.647,0.272,5,-12.906,1,0.0916,0.918,1.73e-5,0.0918,0.339,150.044,234000,4
86,Dreamville & J. Cole: Revenge Of The Dreamers III,Various Artists,first,0.691,0.64,0,-6.441,1,0.369,0.511,0,0.409,0.163,138.672,202040,4
87,Invasion Of Privacy,Cardi B,first,0.728,0.217,7,-19.727,0,0.93,0.633,0,0.129,0.574,124.393,30093,3
88,GIRL,Maren Morris,first,0.965,0.485,2,-8.784,1,0.191,0.0206,0.0237,0.0655,0.312,124.025,222523,4
89,Circles,Mac Miller,first,0.695,0.762,0,-3.497,1,0.0395,0.192,0.00244,0.0863,0.553,120.042,215280,4
90,Time Served,Moneybagg Yo,first,0.403,0.772,4,-8.031,0,0.116,0.386,0.00822,0.916,0.776,95.298,273040,4
91,kelsea,Kelsea Ballerini,first,0.575,0.571,1,-7.906,1,0.0439,0.0558,0,0.0912,0.449,105.049,197947,4
92,Old Dominion,Old Dominion,first,0.706,0.358,6,-8.331,1,0.0347,0.677,0,0.107,0.478,75.991,186240,4
93,Colores,J Balvin,first,0.787,0.328,0,-8.951,1,0.0867,0.777,0.698,0.122,0.473,83.025,151382,4
94,Greatest Hits,Tom Petty And The Heartbreakers,first,0.601,0.652,7,-6.634,1,0.082,0.1,0.0322,0.264,0.469,102.208,173640,4
95,Abbey Road,The Beatles,first,0.516,0.681,1,-6.605,1,0.0316,0.275,0,0.367,0.623,139.672,172930,4
96,Shawn Mendes,Shawn Mendes,first,0.652,0.383,2,-7.076,0,0.0516,0.0676,0,0.0828,0.549,145.765,178994,4
97,Take Care,Drake,first,0.629,0.515,0,-10.358,0,0.265,0.0267,1.22e-5,0.0888,0.299,121.845,277387,4
98,Greatest Hits,2Pac,first,0.601,0.652,7,-6.634,1,0.082,0.1,0.0322,0.264,0.469,102.208,173640,4
99,Beauty Behind The Madness,The Weeknd,first,0.585,0.564,0,-7.063,0,0.0515,0.0671,0,0.135,0.137,113.003,242253,4
100,The Search,NF,first,0.789,0.786,2,-4.788,1,0.297,0.596,0,0.0997,0.39,119.957,248040,4
101,Starboy,The Weeknd,first,0.676,0.588,7,-7.025,1,0.275,0.137,8.47e-6,0.137,0.484,186.012,230461,4
102,DAMN.,Kendrick Lamar,first,0.754,0.591,0,-7.341,1,0.0414,0.219,0.0188,0.209,0.859,119.96,114250,4
103,Dan + Shay,Dan + Shay,first,0.654,0.63,10,-4.644,1,0.0259,0.153,0,0.111,0.43,89.991,167693,4
104,17,XXXTENTACION,first,0.558,0.364,5,-8.663,1,0.0502,0.169,9.94e-5,0.109,0.252,129.17,160737,4
105,Chixtape 5,Tory Lanez,first,0.464,0.547,7,-8.137,0,0.339,0.0511,0,0.155,0.423,67.003,221492,4
106,Hoodie SZN,A Boogie Wit da Hoodie,first,0.775,0.465,4,-10.772,0,0.0605,0.615,3.93e-5,0.38,0.857,75.983,154802,4
107,Frozen,Soundtrack,first,0.486,0.419,5,-6.415,1,0.0563,0.741,6.59e-5,0.096,0.227,119.065,244910,3
108,Views,Drake,first,0.395,0.852,5,-5.896,1,0.37,0.0657,0,0.262,0.112,76.428,311960,4
109,Center Point Road,Thomas Rhett,first,0.235,0.66,7,-6.134,1,0.0491,0.0122,0,0.159,0.144,64.21,216960,4
110,HUMAN. :II: NATURE.,Nightwish,first,0.5,0.85,2,-7.759,1,0.0493,4.06e-4,0.00515,0.121,0.434,76.976,340281,4
111,KIKI,Kiana Lede,first,0.742,0.863,5,-7.823,1,0.038,0.177,5.59e-6,0.0699,0.776,131.193,271133,4
112,Nicotine,Trevor Daniel,first,0.592,0.891,5,-4.766,0,0.0522,9.12e-4,1.28e-4,0.25,0.571,127.955,186600,4
113,~how im feeling~,Lauv,first,0.379,0.314,6,-9.05,1,0.0499,0.622,2.16e-6,0.127,0.165,134.032,171000,3
114,The Tree Of Forgiveness,John Prine,first,0.584,0.317,2,-13.464,1,0.273,0.697,0,0.0709,0.653,89.708,222573,5
115,Baby On Baby,DaBaby,first,0.324,0.532,1,-34.849,1,0.081,0.328,0.931,0.816,0.0248,83.345,65021,4
116,John Prine,John Prine,first,0.547,0.277,0,-11.327,1,0.0429,0.67,0,0.091,0.684,153.974,213600,4
117,Die A Legend,Polo G,first,0.719,0.449,1,-9.219,1,0.571,0.119,0,0.11,0.36,160.138,209606,4
118,Back In Black,AC/DC,first,0.31,0.7,9,-5.678,1,0.047,0.011,0.00965,0.0828,0.763,188.386,255493,4
119,Blonde,Frank Ocean,first,0.577,0.934,7,-3.999,1,0.128,0.0056,0,0.0484,0.54,137.003,200707,4
120,Where The Light Is,Surfaces,first,0.636,0.591,4,-6.666,1,0.196,0.148,0.00124,0.106,0.437,156.132,181538,4
121,Greatest Hits,The Notorious B.I.G.,first,0.601,0.652,7,-6.634,1,0.082,0.1,0.0322,0.264,0.469,102.208,173640,4
122,Kane Brown,Kane Brown,first,0.727,0.626,7,-8.415,1,0.0726,0.0469,2.58e-5,0.126,0.322,86.97,191406,4
123,More Life,Drake,first,0.707,0.258,11,-10.653,0,0.0551,0.692,0.775,0.131,0.257,90.03,154667,4
124,The Essential Michael Jackson,Michael Jackson,first,0.741,0.894,4,-3.826,1,0.0496,0.0814,0.0527,0.089,0.96,114.879,202853,4
125,Birds Of Prey: The Album,Soundtrack,first,0.4,0.894,10,-6.414,0,0.334,0.00202,1.63e-4,0.352,0.365,172.925,214552,4
126,All Time Greatest Hits,Lynyrd Skynyrd,first,0.677,0.238,2,-11.172,0,0.0526,0.032,0.111,0.092,0.88,82.926,433227,4
127,2014 Forest Hills Drive,J. Cole,first,0.692,0.521,10,-8.465,0,0.33,0.301,0,0.0565,0.463,100.45,292987,4
128,We Love You Tecca,Lil Tecca,first,0.63,0.671,6,-6.659,0,0.256,0.363,0,0.113,0.333,89.921,174333,4
129,Evolve,Imagine Dragons,first,0.548,0.626,0,-6.87,1,0.243,0.261,0,0.136,0.382,148.561,184140,4
130,Victory Lap,Nipsey Hussle,first,0.597,0.755,4,-2.209,0,0.052,0.0423,0,0.582,0.0467,89.146,238333,4
131,Greatest Hits So Far...,Zac Brown Band,first,0.493,0.746,2,-11.773,1,0.0367,0.043,0,0.381,0.775,93.96,220293,4
132,1989,Taylor Swift,first,0.55,0.926,1,-4.198,1,0.269,0.0113,8.36e-6,0.0839,0.78,184.194,118067,4
133,Funeral,Lil Wayne,first,0.215,0.263,11,-14.416,1,0.0378,0.947,2.8e-4,0.0919,0.307,172.332,232373,4
134,Appetite For Destruction,Guns N' Roses,first,0.83,0.795,7,-7.644,1,0.181,0.0348,1.08e-6,0.0864,0.402,105.525,188573,4
135,Doo-Wops & Hooligans,Bruno Mars,first,0.637,0.843,5,-5.413,1,0.0432,0.0151,0,0.0876,0.434,109.012,220733,4
136,Home State,Jordan Davis,first,0.246,0.726,7,-6.595,1,0.0484,0.17,0,0.127,0.239,86.768,218000,4
137,"good kid, m.A.A.d city",Kendrick Lamar,first,0.451,0.831,5,-8.641,0,0.307,0.0623,0,0.185,0.41,176.162,214120,4
138,Happiness Begins,Jonas Brothers,first,0.406,0.0288,10,-19.306,0,0.0985,0.989,0.949,0.135,0.0645,129.143,303151,4
139,The Eminem Show,Eminem,first,0.908,0.758,9,-4.753,0,0.174,0.0687,0,0.0783,0.87,148.015,297840,4
140,Their Greatest Hits 1971-1975,Eagles,first,0.669,0.673,7,-9.754,1,0.0248,0.203,0.0271,0.164,0.867,132.68,381999,4
141,Ticket To L.A.,Brett Young,first,0.554,0.828,9,-6.552,1,0.0492,0.00524,1.5e-6,0.255,0.581,86.005,209200,4
142,Im Him,Kevin Gates,first,0.789,0.588,4,-6.58,0,0.0833,0.196,0,0.0814,0.234,105.03,192820,4
143,Championships,Meek Mill,first,0.488,0.803,6,-4.165,0,0.205,0.0786,0,0.215,0.319,167.329,261743,4
144,Blurryface,twenty one pilots,first,0.542,0.577,6,-6.849,1,0.0648,0.193,0.013,0.154,0.566,119.891,140000,4
145,Die Lit,Playboi Carti,first,0.805,0.415,1,-12.342,0,0.265,0.348,0,0.323,0.603,144.978,128853,4
146,Lady Like,Ingrid Andress,first,0.546,0.618,9,-5.186,1,0.0336,0.213,0,0.0934,0.154,95.011,194787,4
147,Hot Rocks 1964-1971,The Rolling Stones,first,0.562,0.779,7,-6.705,1,0.0592,0.363,0.0292,0.066,0.967,119.602,179387,4
148,A Star Is Born (Soundtrack),Lady Gaga & Bradley Cooper,first,0.572,0.385,7,-6.362,1,0.0308,0.371,0,0.231,0.323,95.799,215733,4
149,X 100PRE,Bad Bunny,first,0.755,0.554,10,-8.187,0,0.0746,0.73,1.64e-4,0.145,0.757,79.997,172826,4
150,The Essential Elvis Presley,Elvis Presley,first,0.584,0.802,2,-8.03,1,0.0784,0.149,0,0.0683,0.835,114.172,132013,4
151,Ordinary Man,Ozzy Osbourne,first,0.428,0.599,4,-2.135,1,0.0286,0.0665,9.86e-6,0.137,0.134,125.83,301730,4
152,Songs For Pierre Chuvin,The Mountain Goats,first,0.754,0.788,9,-6.488,0,0.0858,0.541,0.206,0.146,0.675,140.419,132973,4
153,BEFORE LOVE CAME TO KILL US,Jessie Reyez,first,0.439,0.364,10,-6.997,1,0.0375,0.634,1.23e-4,0.102,0.19,108.332,245867,4
154,Heartbreak Weather,Niall Horan,first,0.592,0.884,1,-3.689,1,0.0554,0.00153,0,0.0699,0.772,82.225,200029,4
155,Drip Harder,Lil Baby & Gunna,first,0.927,0.453,2,-10.988,1,0.128,0.0195,0,0.085,0.373,116.993,248430,4
156,Ctrl,SZA,first,0.69,0.803,7,-9.084,0,0.0915,0.577,6.49e-5,0.117,0.204,161.489,178224,4
157,Birds In The Trap Sing McKnight,Travis Scott,first,0.711,0.739,7,-3.804,0,0.129,0.114,0,0.226,0.43,136.919,252256,4
158,Thriller,Michael Jackson,first,0.764,0.887,11,-3.726,1,0.0744,0.0816,1.1e-4,0.847,0.72,118.427,358053,4
159,Metallica,Metallica,first,0.579,0.824,6,-8.71,0,0.03,0.00206,0.00903,0.059,0.635,123.331,331573,4
160,"Quality Control: Control The Streets, Volume 2",Various Artists,first,0.97,0.463,10,-7.259,1,0.366,0.0957,0,0.151,0.46,108.003,142417,4
161,Kid Krow,Conan Gray,first,0.621,0.551,5,-8.49,0,0.0403,0.00396,1.22e-6,0.386,0.246,82.045,117838,4
162,Greatest Hits,Red Hot Chili Peppers,first,0.601,0.652,7,-6.634,1,0.082,0.1,0.0322,0.264,0.469,102.208,173640,4
163,Trolls,Soundtrack,first,0.696,0.632,11,-4.368,0,0.0448,0.00291,0.00152,0.383,0.415,119.421,205307,4
164,IGOR,"Tyler, The Creator",first,0.467,0.672,10,-7.371,0,0.377,0.00559,0.243,0.607,0.0648,163.1,200693,4
165,H.E.R.,H.E.R.,first,0.617,0.525,8,-10.426,0,0.12,0.554,1.1e-6,0.135,0.377,135.781,212867,4
166,Perception,NF,first,0.243,0.893,3,-4.822,0,0.038,0.0283,0.654,0.269,0.0809,140.035,274286,4
167,50 Number Ones,George Strait,first,0.582,0.542,10,-10.041,1,0.0294,0.396,0.00114,0.123,0.45,90.918,235427,4
168,Sounds Of Summer: The Very Best Of The Beach Boys,The Beach Boys,first,0.579,0.662,6,-4.321,1,0.0351,0.18,0,0.244,0.921,78.732,133907,4
169,Reloaded: 20 #1 Hits,Blake Shelton,first,0.38,0.443,7,-6.972,1,0.0268,0.479,3.03e-6,0.11,0.281,63.122,230453,4
170,Nothing Was The Same,Drake,first,0.46,0.782,2,-4.951,1,0.0523,0.0171,0,0.214,0.266,74.988,245000,4
171,Nevermind,Nirvana,first,0.6,0.688,5,-8.339,0,0.201,0.159,1.29e-5,0.409,0.0793,99.977,156600,4
172,Ultimate Sinatra,Frank Sinatra,first,0.67,0.365,0,-10.158,1,0.0564,0.525,0,0.0575,0.45,119.344,147147,4
173,Curtain Call: The Hits,Eminem,first,0.692,0.744,2,-4.565,1,0.257,0.00868,4.23e-4,0.359,0.0612,171.374,326467,4
174,Love Yourself: Answer,BTS,first,0.637,0.799,2,-4.519,1,0.0338,0.394,0,0.0921,0.562,104.995,228615,4
175,Ella Mai,Ella Mai,first,0.499,0.612,4,-5.947,0,0.127,0.171,4.99e-5,0.0993,0.218,157.218,217801,4
176,The Very Best Of Daryl Hall  John Oates,Daryl Hall John Oates,first,0.806,0.649,9,-9.004,0,0.0347,0.0391,5.55e-5,0.0557,0.897,114.834,249573,4
177,Greatest Hits,Bob Seger & The Silver Bullet Band,first,0.601,0.652,7,-6.634,1,0.082,0.1,0.0322,0.264,0.469,102.208,173640,4
178,ANTI,Rihanna,first,0.713,0.526,1,-5.046,1,0.032,0.00767,1.48e-4,0.124,0.131,131.05,262693,4
179,Swimming,Mac Miller,first,0.577,0.447,8,-5.892,1,0.277,0.00627,2.2e-4,0.0899,0.189,74.236,247800,4
180,Cosmic,Bazzi,first,0.524,0.803,9,-5.56,0,0.0366,0.145,1.91e-4,0.115,0.0827,140.003,255133,4
181,x,Ed Sheeran,first,0.732,0.75,11,-6.366,0,0.231,0.00264,0,0.109,0.401,155.096,182707,4
182,In The Lonely Hour,Sam Smith,first,0.418,0.42,0,-6.444,1,0.0414,0.588,6.39e-5,0.11,0.184,84.094,172724,4
183,21,Adele,first,0.783,0.479,7,-10.646,1,0.541,0.149,0,0.101,0.533,176.027,163798,4
184,California Sunrise,Jon Pardi,first,0.374,0.726,7,-4.194,1,0.0426,0.0386,0,0.112,0.59,185.922,256573,4
185,Rearview Town,Jason Aldean,first,0.526,0.85,10,-4.47,0,0.0313,0.023,0,0.0948,0.338,141.973,184173,4
186,A Decade Of Destruction,Five Finger Death Punch,first,0.502,0.737,10,-7.572,1,0.0407,3.74e-4,5.07e-5,0.153,0.277,106.05,275213,4
187,The Definitive Collection,Stevie Wonder,first,0.633,0.634,8,-12.115,1,0.0725,0.038,0.0064,0.0385,0.872,100.499,245493,4
188,Wildcard,Miranda Lambert,first,0.531,0.769,10,-2.881,0,0.063,0.325,0,0.305,0.479,77.351,195252,4
189,Golden Hour,Kacey Musgraves,first,0.611,0.555,6,-6.372,0,0.0274,0.0952,0,0.11,0.413,88.969,198453,4
190,Kidz Bop Party Playlist!,Kidz Bop Kids,first,0.794,0.679,6,-5.395,0,0.104,0.166,1.87e-6,0.134,0.547,98.16,200933,4
191,Man On The Moon: The End Of Day,Kid Cudi,first,0.871,0.44,11,-6.25,0,0.0761,0.499,4.15e-6,0.114,0.799,137.996,221267,4
192,Greatest Hits: The Ultimate Collection,Bon Jovi,first,0.544,0.932,0,-3.098,0,0.0473,0.0224,4.01e-5,0.362,0.56,120.007,224600,4
193,T R A P S O U L,Bryson Tiller,first,0.765,0.356,11,-5.556,0,0.195,0.223,0,0.0963,0.189,96.991,198293,4
194,ZOMBIES 2,Soundtrack,first,0.805,0.648,10,-8.056,1,0.0464,0.0119,2.24e-6,0.0925,0.668,96.979,189813,4
195,BALLADS 1,Joji,first,0.404,0.183,7,-18.99,1,0.04,0.99,0.919,0.119,0.23,136.175,204000,4
196,Until Death Call My Name,YoungBoy Never Broke Again,first,0.598,0.605,7,-4.92,0,0.452,0.286,0,0.0875,0.513,159.517,194792,4
197,Lifes A Trip,Trippie Redd,first,0.869,0.602,1,-8.34,0,0.115,0.0223,0,0.101,0.375,148.046,158973,4
198,Playboi Carti,Playboi Carti,first,0.785,0.903,2,-4.184,1,0.21,0.258,0,0.169,0.565,139.98,193234,4
199,Night Visions,Imagine Dragons,first,0.808,0.441,7,-13.386,0,0.0656,0.507,0.961,0.105,0.502,116.011,235211,4
200,Born To Die,Lana Del Rey,first,0.428,0.626,4,-6.639,0,0.0339,0.222,8.22e-5,0.277,0.379,86.02,285400,4
1,Music To Be Murdered By,Eminem,current,0.674,0.807,1,-3.961,1,0.224,0.0151,3.9e-6,0.584,0.163,140.056,174864,4
2,Manic,Halsey,current,0.685,0.594,2,-10.906,1,0.0289,0.294,3.69e-6,0.358,0.853,121.761,184160,4
3,Circles,Mac Miller,current,0.695,0.762,0,-3.497,1,0.0395,0.192,0.00244,0.0863,0.553,120.042,215280,4
4,Please Excuse Me For Being Antisocial,Roddy Ricch,current,0.896,0.586,10,-6.687,0,0.0559,0.104,0,0.79,0.642,116.971,196653,4
5,Hollywoods Bleeding,Post Malone,current,0.405,0.646,4,-3.206,0,0.0476,0.331,0,0.103,0.17,130.218,156267,4
6,Rare,Selena Gomez,current,0.838,0.541,5,-6.746,1,0.0708,0.207,7.97e-5,0.103,0.637,114.996,220590,4
7,Time Served,Moneybagg Yo,current,0.403,0.772,4,-8.031,0,0.116,0.386,0.00822,0.916,0.776,95.298,273040,4
8,KIRK,DaBaby,current,0.451,0.632,8,-7.98,0,0.297,0.0114,0,0.198,0.234,132.89,232160,4
9,Fine Line,Harry Styles,current,0.306,0.347,2,-8.5,1,0.0334,0.172,1.3e-4,0.0485,0.0511,120.996,377960,4
10,"When We All Fall Asleep, Where Do We Go?",Billie Eilish,current,0.905,0.389,8,-14.505,1,0.332,0.74,0.162,0.106,0.196,120.046,193143,4
11,Frozen II,Soundtrack,current,0.685,0.524,1,-12.264,1,0.299,0.161,0,0.129,0.408,197.014,155952,4
12,Dreamville & J. Cole: Revenge Of The Dreamers III,Various Artists,current,0.691,0.64,0,-6.441,1,0.369,0.511,0,0.409,0.163,138.672,202040,4
13,Nightfall,Little Big Town,current,0.518,0.98,1,-1.512,1,0.297,0.00158,0.14,0.394,0.191,150.078,221200,4
14,JACKBOYS,JACKBOYS,current,0.802,0.591,8,-4.895,1,0.225,0.0104,0,0.196,0.309,139.864,157712,4
15,So Much Fun,Young Thug,current,0.648,0.88,6,-6.358,1,0.93,0.846,0,0.763,0.337,90.124,403613,4
16,Over It,Summer Walker,current,0.63,0.437,4,-8.113,0,0.125,0.231,0,0.0885,0.455,131.996,131107,4
17,Ghetto Gospel,Rod Wave,current,0.794,0.614,5,-5.352,0,0.0467,0.0964,0,0.0788,0.663,80.569,238053,4
18,AI YoungBoy 2,YoungBoy Never Broke Again,current,0.876,0.733,10,-4.478,0,0.333,0.0208,0,0.0999,0.962,154.904,148630,4
19,A Love Letter To You 4,Trippie Redd,current,0.85,0.516,0,-7.664,0,0.0714,0.763,0,0.0896,0.874,108.963,158532,4
20,What You See Is What You Get,Luke Combs,current,0.593,0.805,5,-4.892,1,0.0347,0.0645,0,0.226,0.848,103.949,171920,4
21,Goodbye & Good Riddance,Juice WRLD,current,0.331,0.865,9,-4.823,1,0.0901,0.0535,0,0.108,0.573,79.193,235218,4
22,Lover,Taylor Swift,current,0.359,0.543,7,-7.582,1,0.0919,0.492,1.58e-5,0.118,0.453,68.534,221307,4
23,How To Be Human,Chelsea Cutler,current,0.811,0.428,10,-9.788,1,0.0949,0.164,0.0457,0.0981,0.558,111.989,165733,4
24,Romance,Camila Cabello,current,0.467,0.553,6,-9.692,0,0.1,0.152,0.683,0.291,0.39,144.943,122070,4
25,beerbongs & bentleys,Post Malone,current,0.585,0.52,5,-6.136,0,0.0712,0.124,7.01e-5,0.131,0.129,159.801,218147,4
26,Death Race For Love,Juice WRLD,current,0.646,0.62,10,-9.665,1,0.0567,0.0568,0,0.111,0.409,163.034,206154,4
27,Divinely Uninspired To A Hellish Extent,Lewis Capaldi,current,0.501,0.405,1,-5.679,1,0.0319,0.751,0,0.105,0.446,109.891,182161,4
28,No.6 Collaborations Project,Ed Sheeran,current,0.857,0.621,9,-6.376,0,0.0825,0.148,0,0.0865,0.668,97.989,204467,4
29,RICH YOUNGIN,Stunna 4 Vegas,current,0.906,0.256,1,-13.636,1,0.123,0.272,0.00138,0.0829,0.567,129.964,116245,4
30,Melly vs. Melvin,YNW Melly,current,0.735,0.369,9,-9.682,0,0.0688,0.334,0,0.126,0.235,140.004,222997,4
31,Perfect Ten,Mustard,current,0.683,0.437,5,-9.267,0,0.0375,0.781,1.15e-4,0.12,0.228,99.948,252021,4
32,Scorpion,Drake,current,0.606,0.48,2,-11.283,0,0.0614,0.831,0.12,0.106,0.078,93.032,121290,4
33,Dont Smile At Me,Billie Eilish,current,0.863,0.653,6,-6.355,1,0.0658,0.167,0.00353,0.11,0.363,110.014,139852,4
34,Indigo,Chris Brown,current,0.819,0.664,7,-5.612,1,0.0828,0.0958,1.75e-6,0.263,0.71,144.988,173473,4
36,Greatest Hits,Queen,current,0.601,0.652,7,-6.634,1,0.082,0.1,0.0322,0.264,0.469,102.208,173640,4
37,This Ones For You,Luke Combs,current,0.499,0.497,11,-7.811,1,0.0449,0.444,1.41e-6,0.108,0.235,149.278,230240,4
38,Tullahoma,Dustin Lynch,current,0.702,0.231,2,-16.428,1,0.0591,0.695,2.36e-5,0.23,0.559,93.178,170653,4
39,ASTROWORLD,Travis Scott,current,0.784,0.539,6,-10.011,0,0.0636,0.223,0.785,0.0801,0.358,140.023,152694,4
40,Hot Pink,Doja Cat,current,0.716,0.552,0,-6.927,0,0.0863,0.202,0,0.0942,0.181,103.002,248977,4
41,Cuz I Love You,Lizzo,current,0.566,0.66,1,-4.039,1,0.0479,0.0156,0,0.234,0.52,162.159,179979,3
42,Fully Loaded: Gods Country,Blake Shelton,current,0.463,0.653,0,-5.515,1,0.0273,0.111,1.36e-4,0.172,0.233,143.912,194867,4
43,Stoney,Post Malone,current,0.735,0.639,6,-7.464,0,0.247,0.295,0,0.108,0.695,158.865,211296,4
44,Free Spirit,Khalid,current,0.627,0.446,2,-9.477,0,0.0332,0.308,7.7e-4,0.111,0.11,139.994,182080,4
45,7 (EP),Lil Nas X,current,0.697,0.472,8,-11.975,1,0.538,0.566,0.00206,0.0981,0.59,110.521,105861,5
46,True 2 Myself,Lil Tjay,current,0.508,0.448,8,-12.668,0,0.373,0.597,0.0504,0.11,0.746,171.872,93707,3
47,?,XXXTENTACION,current,0.74,0.613,8,-4.88,1,0.145,0.258,0.0037200000000000002,0.123,0.473,75.023,166606,4
48,Diamonds,Elton John,current,0.653,0.667,10,-6.764,0,0.0423,0.154,0,0.107,0.556,104.181,213869,4
49,We Love You Tecca,Lil Tecca,current,0.63,0.671,6,-6.659,0,0.256,0.363,0,0.113,0.333,89.921,174333,4
50,"Thank U, Next",Ariana Grande,current,0.717,0.653,1,-5.634,1,0.0658,0.229,0,0.101,0.412,106.966,207320,4
51,Baby On Baby,DaBaby,current,0.324,0.532,1,-34.849,1,0.081,0.328,0.931,0.816,0.0248,83.345,65021,4
52,Hamilton: An American Musical,Original Broadway Cast,current,0.667,0.322,4,-19.346,0,0.413,0.187,0.87,0.112,0.196,173.986,216033,4
53,If I Know Me,Morgan Wallen,current,0.777,0.604,8,-5.813,1,0.12,0.765,6.79e-5,0.11,0.672,99.934,157693,4
54,"High School Musical: The Musical, The Series",Soundtrack,current,0.376,0.43,0,-6.585,0,0.0328,0.0902,0,0.0912,0.129,77.599,177323,3
55,Happiness Begins,Jonas Brothers,current,0.406,0.0288,10,-19.306,0,0.0985,0.989,0.949,0.135,0.0645,129.143,303151,4
56,The Search,NF,current,0.789,0.786,2,-4.788,1,0.297,0.596,0,0.0997,0.39,119.957,248040,4
57,Swimming,Mac Miller,current,0.577,0.447,8,-5.892,1,0.277,0.00627,2.2e-4,0.0899,0.189,74.236,247800,4
58,รท (Divide),Ed Sheeran,current,0.639,0.602,0,-7.254,0,0.131,0.0698,0,0.153,0.397,145.907,190213,4
59,Shawn Mendes,Shawn Mendes,current,0.652,0.383,2,-7.076,0,0.0516,0.0676,0,0.0828,0.549,145.765,178994,4
60,"Quality Control: Control The Streets, Volume 2",Various Artists,current,0.97,0.463,10,-7.259,1,0.366,0.0957,0,0.151,0.46,108.003,142417,4
61,Hoodie SZN,A Boogie Wit da Hoodie,current,0.775,0.465,4,-10.772,0,0.0605,0.615,3.93e-5,0.38,0.857,75.983,154802,4
62,American Teen,Khalid,current,0.658,0.623,0,-6.934,1,0.0398,0.0683,0,0.321,0.207,100.436,250747,4
63,Bad Boys For Life: The Soundtrack,Soundtrack,current,0.559,0.856,6,-3.794,0,0.509,0.0261,0,0.046,0.702,179.941,133333,4
64,Luv Is Rage 2,Lil Uzi Vert,current,0.773,0.75,8,-4.009,0,0.117,0.109,0,0.174,0.783,123.426,220587,4
65,Homesick (EP),Trevor Daniel,current,0.677,0.524,2,-8.589,1,0.0433,0.284,1.68e-6,0.11,0.226,97.944,191107,4
66,Frozen,Soundtrack,current,0.486,0.419,5,-6.415,1,0.0563,0.741,6.59e-5,0.096,0.227,119.065,244910,3
67,Invasion Of Privacy,Cardi B,current,0.728,0.217,7,-19.727,0,0.93,0.633,0,0.129,0.574,124.393,30093,3
68,Look Up Child,Lauren Daigle,current,0.73,0.58,2,-5.813,1,0.0431,0.403,0,0.15,0.652,90.99,183013,4
69,Dan + Shay,Dan + Shay,current,0.654,0.63,10,-4.644,1,0.0259,0.153,0,0.111,0.43,89.991,167693,4
70,Die A Legend,Polo G,current,0.719,0.449,1,-9.219,1,0.571,0.119,0,0.11,0.36,160.138,209606,4
71,GIRL,Maren Morris,current,0.965,0.485,2,-8.784,1,0.191,0.0206,0.0237,0.0655,0.312,124.025,222523,4
72,Chronicle The 20 Greatest Hits,Creedence Clearwater Revival,current,0.773,0.543,0,-9.97,1,0.0292,0.093,5.63e-6,0.175,0.802,115.997,160000,4
73,Experiment,Kane Brown,current,0.4,0.894,10,-6.414,0,0.334,0.00202,1.63e-4,0.352,0.365,172.925,214552,4
74,DAMN.,Kendrick Lamar,current,0.754,0.591,0,-7.341,1,0.0414,0.219,0.0188,0.209,0.859,119.96,114250,4
75,Journeys Greatest Hits,Journey,current,0.539,0.706,9,-7.894,1,0.0302,0.0547,0.00292,0.267,0.284,114.087,368133,4
76,Chixtape 5,Tory Lanez,current,0.464,0.547,7,-8.137,0,0.339,0.0511,0,0.155,0.423,67.003,221492,4
77,Traveller,Chris Stapleton,current,0.543,0.75,2,-7.071,0,0.0282,0.0682,0.0166,0.125,0.758,88.107,222413,4
78,The Greatest Showman,Soundtrack,current,0.284,0.704,2,-7.276,1,0.186,0.00583,1.15e-4,0.0424,0.1,191.702,234707,4
79,1,The Beatles,current,0.654,0.63,10,-4.644,1,0.0259,0.153,0,0.111,0.43,89.991,167693,4
80,QPac,Quando Rondo,current,0.624,0.755,2,-6.984,0,0.0302,0.419,0.244,0.11,0.298,130.077,228173,4
81,Championships,Meek Mill,current,0.488,0.803,6,-4.165,0,0.205,0.0786,0,0.215,0.319,167.329,261743,4
82,Abbey Road,The Beatles,current,0.516,0.681,1,-6.605,1,0.0316,0.275,0,0.367,0.623,139.672,172930,4
83,Im Him,Kevin Gates,current,0.789,0.588,4,-6.58,0,0.0833,0.196,0,0.0814,0.234,105.03,192820,4
84,Take Care,Drake,current,0.629,0.515,0,-10.358,0,0.265,0.0267,1.22e-5,0.0888,0.299,121.845,277387,4
85,X 100PRE,Bad Bunny,current,0.755,0.554,10,-8.187,0,0.0746,0.73,1.64e-4,0.145,0.757,79.997,172826,4
86,Moana,Soundtrack,current,0.753,0.502,1,-6.879,1,0.264,0.0439,1.54e-6,0.128,0.349,205.895,178217,4
87,Rumours,Fleetwood Mac,current,0.75,0.596,3,-8.594,1,0.106,0.132,0.0189,0.124,0.334,102.021,207059,4
88,The Essential Billy Joel,Billy Joel,current,0.696,0.943,4,-2.962,1,0.0431,0.0736,0,0.653,0.833,129.003,194867,4
89,Drip Harder,Lil Baby & Gunna,current,0.927,0.453,2,-10.988,1,0.128,0.0195,0,0.085,0.373,116.993,248430,4
91,Old Dominion,Old Dominion,current,0.706,0.358,6,-8.331,1,0.0347,0.677,0,0.107,0.478,75.991,186240,4
92,Views,Drake,current,0.395,0.852,5,-5.896,1,0.37,0.0657,0,0.262,0.112,76.428,311960,4
93,17,XXXTENTACION,current,0.558,0.364,5,-8.663,1,0.0502,0.169,9.94e-5,0.109,0.252,129.17,160737,4
94,Starboy,The Weeknd,current,0.676,0.588,7,-7.025,1,0.275,0.137,8.47e-6,0.137,0.484,186.012,230461,4
95,GINGER,BrockHampton,current,0.545,0.749,4,-6.621,0,0.153,0.103,0,0.232,0.681,100.503,196147,4
96,Beauty Behind The Madness,The Weeknd,current,0.585,0.564,0,-7.063,0,0.0515,0.0671,0,0.135,0.137,113.003,242253,4
97,The Eminem Show,Eminem,current,0.908,0.758,9,-4.753,0,0.174,0.0687,0,0.0783,0.87,148.015,297840,4
98,Legend: The Best Of...,Bob Marley And The Wailers,current,0.684,0.406,2,-10.111,1,0.154,0.472,0,0.561,0.415,94.968,293008,4
99,2014 Forest Hills Drive,J. Cole,current,0.692,0.521,10,-8.465,0,0.33,0.301,0,0.0565,0.463,100.45,292987,4
100,Evolve,Imagine Dragons,current,0.548,0.626,0,-6.87,1,0.243,0.261,0,0.136,0.382,148.561,184140,4
101,Greatest Hits,2Pac,current,0.601,0.652,7,-6.634,1,0.082,0.1,0.0322,0.264,0.469,102.208,173640,4
102,Greatest Hits,Tom Petty And The Heartbreakers,current,0.601,0.652,7,-6.634,1,0.082,0.1,0.0322,0.264,0.469,102.208,173640,4
103,9,Jason Aldean,current,0.402,0.526,9,-6.741,0,0.0904,0.113,8.33e-6,0.105,0.312,81.404,339067,4
104,A Star Is Born (Soundtrack),Lady Gaga & Bradley Cooper,current,0.572,0.385,7,-6.362,1,0.0308,0.371,0,0.231,0.323,95.799,215733,4
105,Feed Tha Streets II,Roddy Ricch,current,0.926,0.454,6,-9.932,1,0.0732,0.036,4.22e-4,0.0896,0.34,119.969,224002,4
106,Kamikaze,Eminem,current,0.792,0.571,8,-7.539,0,0.094,0.301,0,0.1,0.556,99.999,139200,4
107,"good kid, m.A.A.d city",Kendrick Lamar,current,0.451,0.831,5,-8.641,0,0.307,0.0623,0,0.185,0.41,176.162,214120,4
108,More Life,Drake,current,0.707,0.258,11,-10.653,0,0.0551,0.692,0.775,0.131,0.257,90.03,154667,4
109,Back In Black,AC/DC,current,0.31,0.7,9,-5.678,1,0.047,0.011,0.00965,0.0828,0.763,188.386,255493,4
110,Perception,NF,current,0.243,0.893,3,-4.822,0,0.038,0.0283,0.654,0.269,0.0809,140.035,274286,4
111,Greatest Hits,Guns N' Roses,current,0.601,0.652,7,-6.634,1,0.082,0.1,0.0322,0.264,0.469,102.208,173640,4
112,JESUS IS KING (Soundtrack),Kanye West,current,0.884,0.204,3,-13.326,1,0.24,0.995,0.959,0.115,0.886,100.019,119573,4
113,Birds In The Trap Sing McKnight,Travis Scott,current,0.711,0.739,7,-3.804,0,0.129,0.114,0,0.226,0.43,136.919,252256,4
114,Love Yourself: Answer,BTS,current,0.637,0.799,2,-4.519,1,0.0338,0.394,0,0.0921,0.562,104.995,228615,4
115,Victory Lap,Nipsey Hussle,current,0.597,0.755,4,-2.209,0,0.052,0.0423,0,0.582,0.0467,89.146,238333,4
116,Lifes A Trip,Trippie Redd,current,0.869,0.602,1,-8.34,0,0.115,0.0223,0,0.101,0.375,148.046,158973,4
117,I Am > I Was,21 Savage,current,0.626,0.662,1,-8.579,0,0.0473,0.138,0.017,0.166,0.0832,120.07,315600,3
118,Cottonwood,NLE Choppa,current,0.352,0.107,11,-24.23,1,0.051,0.993,0.958,0.12,0.339,75.766,139500,3
119,Greatest Hits,The Notorious B.I.G.,current,0.601,0.652,7,-6.634,1,0.082,0.1,0.0322,0.264,0.469,102.208,173640,4
120,1989,Taylor Swift,current,0.55,0.926,1,-4.198,1,0.269,0.0113,8.36e-6,0.0839,0.78,184.194,118067,4
121,Wow... Thats Crazy,Wale,current,0.535,0.725,10,-5.108,1,0.0275,0.0203,1.45e-5,0.176,0.292,78.489,217387,4
122,H.E.R.,H.E.R.,current,0.617,0.525,8,-10.426,0,0.12,0.554,1.1e-6,0.135,0.377,135.781,212867,4
123,Kane Brown,Kane Brown,current,0.727,0.626,7,-8.415,1,0.0726,0.0469,2.58e-5,0.126,0.322,86.97,191406,4
124,Ella Mai,Ella Mai,current,0.499,0.612,4,-5.947,0,0.127,0.171,4.99e-5,0.0993,0.218,157.218,217801,4
125,IGOR,"Tyler, The Creator",current,0.467,0.672,10,-7.371,0,0.377,0.00559,0.243,0.607,0.0648,163.1,200693,4
126,Harder Than Ever,Lil Baby,current,0.797,0.61,10,-6.626,1,0.148,0.376,0,0.105,0.465,140.074,138347,4
127,The Essential Michael Jackson,Michael Jackson,current,0.741,0.894,4,-3.826,1,0.0496,0.0814,0.0527,0.089,0.96,114.879,202853,4
128,Ctrl,SZA,current,0.69,0.803,7,-9.084,0,0.0915,0.577,6.49e-5,0.117,0.204,161.489,178224,4
129,Pray For The Wicked,Panic! At The Disco,current,0.491,0.867,6,-2.313,0,0.103,0.167,0,0.458,0.602,167.965,189187,4
130,Center Point Road,Thomas Rhett,current,0.235,0.66,7,-6.134,1,0.0491,0.0122,0,0.159,0.144,64.21,216960,4
131,World War Joy,The Chainsmokers,current,0.585,0.696,4,-5.6,0,0.0307,0.204,0,0.344,0.522,104.01,217640,4
132,T R A P S O U L,Bryson Tiller,current,0.765,0.356,11,-5.556,0,0.195,0.223,0,0.0963,0.189,96.991,198293,4
133,I Am You,YNW Melly,current,0.465,0.204,10,-9.747,1,0.0318,0.865,0,0.0957,0.257,73.636,221787,4
134,Blonde,Frank Ocean,current,0.577,0.934,7,-3.999,1,0.128,0.0056,0,0.0484,0.54,137.003,200707,4
135,Metallica,Metallica,current,0.579,0.824,6,-8.71,0,0.03,0.00206,0.00903,0.059,0.635,123.331,331573,4
136,Their Greatest Hits 1971-1975,Eagles,current,0.669,0.673,7,-9.754,1,0.0248,0.203,0.0271,0.164,0.867,132.68,381999,4
137,Fever,Megan Thee Stallion,current,0.868,0.693,6,-7.052,0,0.181,0.0597,0.00399,0.106,0.396,114.999,156911,4
138,x,Ed Sheeran,current,0.732,0.75,11,-6.366,0,0.231,0.00264,0,0.109,0.401,155.096,182707,4
139,Until Death Call My Name,YoungBoy Never Broke Again,current,0.598,0.605,7,-4.92,0,0.452,0.286,0,0.0875,0.513,159.517,194792,4
140,The Essential Elvis Presley,Elvis Presley,current,0.584,0.802,2,-8.03,1,0.0784,0.149,0,0.0683,0.835,114.172,132013,4
141,Doo-Wops & Hooligans,Bruno Mars,current,0.637,0.843,5,-5.413,1,0.0432,0.0151,0,0.0876,0.434,109.012,220733,4
142,El Dorado,Marcus King,current,0.878,0.243,8,-8.321,1,0.166,0.85,5.86e-6,0.0366,0.974,124.496,221987,4
143,Die Lit,Playboi Carti,current,0.805,0.415,1,-12.342,0,0.265,0.348,0,0.323,0.603,144.978,128853,4
144,Certified Hitmaker,Lil Mosey,current,0.774,0.554,0,-7.909,1,0.0383,0.207,0,0.132,0.349,99.034,162547,4
145,Greatest Hits,Bob Seger & The Silver Bullet Band,current,0.601,0.652,7,-6.634,1,0.082,0.1,0.0322,0.264,0.469,102.208,173640,4
146,21,Adele,current,0.783,0.479,7,-10.646,1,0.541,0.149,0,0.101,0.533,176.027,163798,4
147,Ultimate Sinatra,Frank Sinatra,current,0.67,0.365,0,-10.158,1,0.0564,0.525,0,0.0575,0.45,119.344,147147,4
148,A Decade Of Destruction,Five Finger Death Punch,current,0.502,0.737,10,-7.572,1,0.0407,3.74e-4,5.07e-5,0.153,0.277,106.05,275213,4
149,Cosmic,Bazzi,current,0.524,0.803,9,-5.56,0,0.0366,0.145,1.91e-4,0.115,0.0827,140.003,255133,4
150,In The Lonely Hour,Sam Smith,current,0.418,0.42,0,-6.444,1,0.0414,0.588,6.39e-5,0.11,0.184,84.094,172724,4
151,Sweetener,Ariana Grande,current,0.721,0.459,4,-6.408,1,0.032,0.248,0,0.212,0.46,119.914,208493,4
152,Map Of The Soul: PERSONA,BTS,current,0.645,0.862,11,-4.757,0,0.0965,0.0923,0,0.192,0.798,119.991,229773,4
153,Blurryface,twenty one pilots,current,0.542,0.577,6,-6.849,1,0.0648,0.193,0.013,0.154,0.566,119.891,140000,4
154,Ocean,Lady Antebellum,current,0.511,0.363,4,-7.65,0,0.041,0.816,0.0317,0.084,0.169,144.892,200379,4
155,Thriller,Michael Jackson,current,0.764,0.887,11,-3.726,1,0.0744,0.0816,1.1e-4,0.847,0.72,118.427,358053,4
156,Curtain Call: The Hits,Eminem,current,0.692,0.744,2,-4.565,1,0.257,0.00868,4.23e-4,0.359,0.0612,171.374,326467,4
157,Tha Carter V,Lil Wayne,current,0.543,0.293,5,-13.907,1,0.0276,0.95,0.0514,0.151,0.362,96.662,165467,4
158,Nothing Was The Same,Drake,current,0.46,0.782,2,-4.951,1,0.0523,0.0171,0,0.214,0.266,74.988,245000,4
159,ANTI,Rihanna,current,0.713,0.526,1,-5.046,1,0.032,0.00767,1.48e-4,0.124,0.131,131.05,262693,4
160,Night Visions,Imagine Dragons,current,0.808,0.441,7,-13.386,0,0.0656,0.507,0.961,0.105,0.502,116.011,235211,4
161,Nevermind,Nirvana,current,0.6,0.688,5,-8.339,0,0.201,0.159,1.29e-5,0.409,0.0793,99.977,156600,4
162,Greatest Hits So Far...,Zac Brown Band,current,0.493,0.746,2,-11.773,1,0.0367,0.043,0,0.381,0.775,93.96,220293,4
163,hopeless fountain kingdom,Halsey,current,0.675,0.751,0,-3.539,1,0.0296,0.0604,0,0.0893,0.612,118.384,181279,4
165,BALLADS 1,Joji,current,0.404,0.183,7,-18.99,1,0.04,0.99,0.919,0.119,0.23,136.175,204000,4
166,Dying To Live,Kodak Black,current,0.498,0.948,6,-5.832,1,0.0776,7.17e-5,0.0348,0.0775,0.509,134.978,189105,4
167,Summertime Shootout 3: Coldest Summer Ever,Fabolous,current,0.537,0.736,11,-8.276,0,0.299,0.576,0,0.0682,0.398,87.75,268720,4
168,Oasis,J Balvin & Bad Bunny,current,0.41,0.854,2,-5.609,1,0.0366,0.00236,0,0.133,0.456,174.584,258907,4
169,Culture II,Migos,current,0.613,0.647,0,-6.676,0,0.0351,0.0725,0.758,0.181,0.146,130.052,164361,4
170,The Spirit Of Radio: Greatest Hits 1974 - 1987,Rush,current,0.369,0.883,11,-6.913,0,0.119,0.0488,0.0157,0.175,0.308,133.46,404213,4
171,Drip Or Drown 2,Gunna,current,0.916,0.756,0,-7.653,1,0.188,0.0942,0,0.23,0.756,115.69,151539,4
172,Norman Fucking Rockwell!,Lana Del Rey,current,0.218,0.215,5,-12.49,1,0.0368,0.967,0.0847,0.0948,0.138,76.74,248934,1
173,reputation,Taylor Swift,current,0.451,0.467,10,-9.5,1,0.0371,0.0341,0,0.147,0.204,167.874,242607,4
174,Sounds Of Summer: The Very Best Of The Beach Boys,The Beach Boys,current,0.579,0.662,6,-4.321,1,0.0351,0.18,0,0.244,0.921,78.732,133907,4
175,Greatest Hits: The Ultimate Collection,Bon Jovi,current,0.544,0.932,0,-3.098,0,0.0473,0.0224,4.01e-5,0.362,0.56,120.007,224600,4
176,Marigold,Pinegrove,current,0.417,0.95,0,-5.78,0,0.171,0.00202,5.18e-4,0.105,0.0676,106.585,439840,4
177,Tha Carter III,Lil Wayne,current,0.769,0.66,9,-7.37,1,0.33,0.00112,0,0.078,0.471,153.092,199427,4
178,The Very Best Of Daryl Hall  John Oates,Daryl Hall John Oates,current,0.806,0.649,9,-9.004,0,0.0347,0.0391,5.55e-5,0.0557,0.897,114.834,249573,4
179,Bad Vibes Forever,XXXTENTACION,current,0.8,0.526,8,-5.153,1,0.0716,0.334,0.00174,0.0571,0.746,129.874,150475,4
180,MELT,SHAED,current,0.414,0.00739,8,-23.104,1,0.0467,0.991,0.954,0.12,0.228,74.253,166728,3
181,Not All Heroes Wear Capes,Metro Boomin,current,0.756,0.45,3,-8.688,1,0.0674,0.636,5.97e-5,0.122,0.824,81.986,226569,4
182,Everyday Life,Coldplay,current,0.512,0.452,2,-8.991,1,0.0292,0.775,0.0818,0.065,0.235,124.103,258533,4
183,A Love Letter To You 3,Trippie Redd,current,0.825,0.572,6,-6.067,0,0.0864,0.0079,0,0.113,0.568,141.991,175954,4
184,Rearview Town,Jason Aldean,current,0.526,0.85,10,-4.47,0,0.0313,0.023,0,0.0948,0.338,141.973,184173,4
185,Heartache Medication,Jon Pardi,current,0.621,0.791,9,-3.343,1,0.0265,0.0361,0,0.143,0.734,95.075,209110,4
186,LOVE FOR GUALA,Flipp Dinero,current,0.792,0.743,7,-2.806,1,0.0851,0.107,0,0.183,0.742,150.024,195637,4
187,Golden Hour,Kacey Musgraves,current,0.611,0.555,6,-6.372,0,0.0274,0.0952,0,0.11,0.413,88.969,198453,4
188,24K Magic,Bruno Mars,current,0.818,0.803,1,-4.282,1,0.0797,0.034,0,0.153,0.632,106.97,225983,4
189,Born To Die,Lana Del Rey,current,0.428,0.626,4,-6.639,0,0.0339,0.222,8.22e-5,0.277,0.379,86.02,285400,4
190,Red Pill Blues,Maroon 5,current,0.69,0.538,0,-7.645,1,0.039,0.0483,0,0.196,0.676,119.952,213812,4
191,Currents,Tame Impala,current,0.501,0.96,6,-4.535,0,0.0648,7.45e-4,7.97e-5,0.235,0.29,105.029,215800,4
193,Freudian,Daniel Caesar,current,0.355,0.298,8,-12.277,1,0.0581,0.31,0.00266,0.185,0.0714,115.823,602297,3
194,Reloaded: 20 #1 Hits,Blake Shelton,current,0.38,0.443,7,-6.972,1,0.0268,0.479,3.03e-6,0.11,0.281,63.122,230453,4
195,Pinkfong Presents: The Best Of Baby Shark,Pinkfong,current,0.825,0.828,8,-4.887,1,0.139,0.272,0,0.053,0.744,115.045,84156,4
196,Nibiru,Ozuna,current,0.556,0.00295,0,-28.062,0,0.0464,0.995,0.939,0.152,0.119,120.128,159061,4
197,I Will Always Love You: The Best Of Whitney Houston,Whitney Houston,current,0.266,0.539,0,-6.738,1,0.0333,0.493,0,0.0964,0.325,155.484,285000,4
198,50 Number Ones,George Strait,current,0.582,0.542,10,-10.041,1,0.0294,0.396,0.00114,0.123,0.45,90.918,235427,4
199,Cant Say I Aint Country,Florida Georgia Line,current,0.473,0.874,2,-2.399,1,0.0446,0.00942,0,0.21,0.739,150.198,176307,4
200,25,Adele,current,0.761,0.732,4,-5.469,0,0.0549,0.092,0,0.0716,0.542,151.982,243276,4
